/*
SQLyog Ultimate v12.09 (64 bit)
MySQL - 5.7.17-log : Database - pms
*********************************************************************
*/

/*!40101 SET NAMES utf8 */;

/*!40101 SET SQL_MODE=''*/;

/*!40014 SET @OLD_UNIQUE_CHECKS=@@UNIQUE_CHECKS, UNIQUE_CHECKS=0 */;
/*!40014 SET @OLD_FOREIGN_KEY_CHECKS=@@FOREIGN_KEY_CHECKS, FOREIGN_KEY_CHECKS=0 */;
/*!40101 SET @OLD_SQL_MODE=@@SQL_MODE, SQL_MODE='NO_AUTO_VALUE_ON_ZERO' */;
/*!40111 SET @OLD_SQL_NOTES=@@SQL_NOTES, SQL_NOTES=0 */;
CREATE DATABASE /*!32312 IF NOT EXISTS*/`pms` /*!40100 DEFAULT CHARACTER SET utf8 */;

USE `pms`;

/*Table structure for table `pms_company` */

DROP TABLE IF EXISTS `pms_company`;

CREATE TABLE `pms_company` (
  `id` bigint(20) unsigned NOT NULL AUTO_INCREMENT,
  `company_name` varchar(20) NOT NULL,
  `description` varchar(500) DEFAULT NULL,
  `is_deleted` tinyint(1) unsigned NOT NULL,
  `gmt_create` datetime NOT NULL,
  `gmt_modified` datetime NOT NULL,
  PRIMARY KEY (`id`)
) ENGINE=InnoDB AUTO_INCREMENT=3 DEFAULT CHARSET=utf8;

/*Data for the table `pms_company` */

insert  into `pms_company`(`id`,`company_name`,`description`,`is_deleted`,`gmt_create`,`gmt_modified`) values (1,'九五智驾','',0,'2017-04-19 09:48:04','2017-04-19 09:48:05'),(2,'智驾互联','',0,'2017-04-19 09:48:18','2017-04-19 09:48:19');

/*Table structure for table `pms_department` */

DROP TABLE IF EXISTS `pms_department`;

CREATE TABLE `pms_department` (
  `id` bigint(20) unsigned NOT NULL AUTO_INCREMENT,
  `pid` bigint(20) unsigned DEFAULT NULL,
  `dept_name` varchar(20) NOT NULL,
  `description` varchar(500) DEFAULT NULL,
  `is_deleted` tinyint(1) unsigned NOT NULL,
  `gmt_create` datetime NOT NULL,
  `gmt_modified` datetime NOT NULL,
  PRIMARY KEY (`id`)
) ENGINE=InnoDB AUTO_INCREMENT=31 DEFAULT CHARSET=utf8;

/*Data for the table `pms_department` */

insert  into `pms_department`(`id`,`pid`,`dept_name`,`description`,`is_deleted`,`gmt_create`,`gmt_modified`) values (1,0,'管理中心',NULL,0,'2017-06-09 17:47:40','2017-06-09 17:47:41'),(2,0,'财务中心',NULL,0,'2017-06-09 18:22:17','2017-06-09 18:22:19'),(3,0,'市场营销中心',NULL,0,'2017-06-09 18:22:31','2017-06-09 18:22:32'),(4,0,'技术中心',NULL,0,'2017-06-09 18:22:45','2017-06-09 18:22:47'),(5,0,'数据中心',NULL,0,'2017-06-09 18:22:55','2017-06-09 18:22:57'),(6,1,'总经办',NULL,0,'2017-06-09 18:23:13','2017-06-09 18:23:15'),(7,1,'管理中心',NULL,0,'2017-06-09 18:23:31','2017-06-09 18:23:33'),(8,1,'人力资源部',NULL,0,'2017-06-09 18:24:04','2017-06-09 18:24:06'),(9,1,'行政部',NULL,0,'2017-06-09 18:24:35','2017-06-09 18:24:36'),(10,1,'法务部',NULL,0,'2017-06-09 18:25:00','2017-06-09 18:25:02'),(11,1,'公共关系部',NULL,0,'2017-06-09 18:25:13','2017-06-09 18:25:14'),(12,2,'财务部',NULL,0,'2017-06-09 18:25:26','2017-06-09 18:25:28'),(13,2,'商务部',NULL,0,'2017-06-09 18:25:38','2017-06-09 18:25:39'),(14,3,'营销中心',NULL,0,'2017-06-09 18:25:55','2017-06-09 18:25:57'),(15,3,'业务拓展一部',NULL,0,'2017-06-09 18:26:14','2017-06-09 18:26:16'),(16,3,'业务拓展二部',NULL,0,'2017-06-09 18:26:29','2017-06-09 18:26:31'),(17,3,'业务拓展三部',NULL,0,'2017-06-09 18:26:44','2017-06-09 18:26:45'),(18,3,'业务拓展四部',NULL,0,'2017-06-09 18:26:55','2017-06-09 18:26:57'),(19,3,'业务拓展五部',NULL,0,'2017-06-09 18:27:10','2017-06-09 18:27:11'),(20,3,'业务拓展六部',NULL,0,'2017-06-09 18:27:21','2017-06-09 18:27:22'),(21,3,'产品管理部',NULL,0,'2017-06-09 18:27:58','2017-06-09 18:28:00'),(22,4,'技术中心',NULL,0,'2017-06-09 18:45:29','2017-06-09 18:45:31'),(23,4,'策划部',NULL,0,'2017-06-09 18:45:41','2017-06-09 18:45:42'),(24,4,'支持部',NULL,0,'2017-06-09 18:45:51','2017-06-09 18:45:53'),(25,4,'设计部',NULL,0,'2017-06-09 18:46:02','2017-06-09 18:46:03'),(26,4,'嵌入式研发部',NULL,0,'2017-06-09 18:46:15','2017-06-09 18:46:16'),(27,4,'研发部',NULL,0,'2017-06-09 18:46:25','2017-06-09 18:46:26'),(28,5,'数据中心',NULL,0,'2017-06-09 18:46:35','2017-06-09 18:46:36'),(30,0,'智驾互联',NULL,0,'2017-07-24 15:11:02','2017-07-24 15:11:05');

/*Table structure for table `pms_employee` */

DROP TABLE IF EXISTS `pms_employee`;

CREATE TABLE `pms_employee` (
  `id` bigint(20) unsigned NOT NULL AUTO_INCREMENT,
  `company_id` bigint(20) unsigned NOT NULL,
  `department_id` bigint(20) unsigned NOT NULL,
  `duty` tinyint(1) unsigned NOT NULL,
  `emp_code` varchar(20) NOT NULL,
  `emp_name` varchar(20) NOT NULL,
  `login_name` varchar(50) NOT NULL,
  `login_pwd` char(32) NOT NULL,
  `gender` tinyint(3) unsigned NOT NULL,
  `email` varchar(50) DEFAULT NULL,
  `phone` varchar(20) DEFAULT NULL,
  `description` varchar(500) DEFAULT NULL,
  `is_deleted` tinyint(1) unsigned NOT NULL,
  `gmt_create` datetime NOT NULL,
  `gmt_modified` datetime NOT NULL,
  PRIMARY KEY (`id`),
  UNIQUE KEY `UK_CODE` (`emp_code`),
  UNIQUE KEY `UK_LOGIN_NAME` (`login_name`)
) ENGINE=InnoDB AUTO_INCREMENT=2136 DEFAULT CHARSET=utf8;

/*Data for the table `pms_employee` */

insert  into `pms_employee`(`id`,`company_id`,`department_id`,`duty`,`emp_code`,`emp_name`,`login_name`,`login_pwd`,`gender`,`email`,`phone`,`description`,`is_deleted`,`gmt_create`,`gmt_modified`) values (1,1,6,3,'ZJ00005','朱文利','zhuwenli','e61c17d643d325cd8de83c3d7c63aeea',0,NULL,NULL,NULL,0,'2017-06-09 00:00:00','2017-06-13 15:02:33'),(2,1,6,3,'ZJ00947','党建明','dangjianming','e61c17d643d325cd8de83c3d7c63aeea',1,NULL,NULL,NULL,0,'2017-06-09 00:00:00','2017-06-13 15:01:44'),(3,1,6,3,'ZJ00998','张连成','zhangliancheng','e61c17d643d325cd8de83c3d7c63aeea',1,NULL,NULL,NULL,0,'2017-06-09 00:00:00','2017-06-13 15:00:54'),(4,1,7,2,'ZJ00023','车俊杰','chejunjie','e61c17d643d325cd8de83c3d7c63aeea',1,NULL,NULL,NULL,0,'2017-06-09 00:00:00','2017-06-13 15:02:50'),(5,1,7,1,'ZJ00156','韩娟','hanjuan','e61c17d643d325cd8de83c3d7c63aeea',0,NULL,NULL,NULL,0,'2017-06-09 00:00:00','2017-06-09 00:00:00'),(6,1,8,0,'ZJ04715','王琳琳','wanglinlin','e61c17d643d325cd8de83c3d7c63aeea',0,NULL,NULL,NULL,0,'2017-06-09 00:00:00','2017-06-09 00:00:00'),(7,1,8,0,'ZJ00019','李亚萍','liyaping','e61c17d643d325cd8de83c3d7c63aeea',0,NULL,NULL,NULL,0,'2017-06-09 00:00:00','2017-06-09 00:00:00'),(8,1,9,0,'ZJ04413','刘志芳','liuzhifang','e61c17d643d325cd8de83c3d7c63aeea',0,NULL,NULL,NULL,0,'2017-06-09 00:00:00','2017-06-09 00:00:00'),(9,1,9,0,'ZJ00110','仵霞','wuxia','e61c17d643d325cd8de83c3d7c63aeea',0,NULL,NULL,NULL,0,'2017-06-09 00:00:00','2017-06-09 00:00:00'),(10,1,9,0,'ZJ00016','李红宁','lihongning','e61c17d643d325cd8de83c3d7c63aeea',1,NULL,NULL,NULL,0,'2017-06-09 00:00:00','2017-06-09 00:00:00'),(11,1,9,0,'ZJ00020','刘春鹏','liuchunpeng','e61c17d643d325cd8de83c3d7c63aeea',1,NULL,NULL,NULL,0,'2017-06-09 00:00:00','2017-06-09 00:00:00'),(12,1,9,0,'ZJ00022','马辉','mahui','e61c17d643d325cd8de83c3d7c63aeea',1,NULL,NULL,NULL,0,'2017-06-09 00:00:00','2017-06-09 00:00:00'),(13,1,9,0,'ZJ01447','李剑','lijian','e61c17d643d325cd8de83c3d7c63aeea',1,NULL,NULL,NULL,0,'2017-06-09 00:00:00','2017-06-09 00:00:00'),(14,1,9,0,'ZJ01735','李佑芬','liyoufen','e61c17d643d325cd8de83c3d7c63aeea',1,NULL,NULL,NULL,0,'2017-06-09 00:00:00','2017-06-09 00:00:00'),(15,1,9,0,'ZJ01734','韩淑平','hanshuping','e61c17d643d325cd8de83c3d7c63aeea',1,NULL,NULL,NULL,0,'2017-06-09 00:00:00','2017-06-09 00:00:00'),(16,1,9,0,'ZJ04392','万华','wanhua','e61c17d643d325cd8de83c3d7c63aeea',1,NULL,NULL,NULL,0,'2017-06-09 00:00:00','2017-06-09 00:00:00'),(17,1,10,0,'ZJ02764','苑芳琼','yuanfangqiong','e61c17d643d325cd8de83c3d7c63aeea',0,NULL,NULL,NULL,0,'2017-06-09 00:00:00','2017-06-09 00:00:00'),(18,1,11,0,'ZJ04043','冯云','fengyun','e61c17d643d325cd8de83c3d7c63aeea',1,NULL,NULL,NULL,0,'2017-06-09 00:00:00','2017-06-09 00:00:00'),(19,1,11,0,'ZJ01479','叶璐','yelu','e61c17d643d325cd8de83c3d7c63aeea',0,NULL,NULL,NULL,0,'2017-06-09 00:00:00','2017-06-09 00:00:00'),(20,1,11,0,'ZJ01874','任忠国','renzhongguo','e61c17d643d325cd8de83c3d7c63aeea',1,NULL,NULL,NULL,0,'2017-06-09 00:00:00','2017-06-09 00:00:00'),(21,1,12,1,'ZJ05017','周香云','zhouxiangyun','e61c17d643d325cd8de83c3d7c63aeea',0,NULL,NULL,NULL,0,'2017-06-09 00:00:00','2017-06-09 00:00:00'),(22,1,12,0,'ZJ03488','王江枫','wangjiangfeng','e61c17d643d325cd8de83c3d7c63aeea',1,NULL,NULL,NULL,0,'2017-06-09 00:00:00','2017-06-09 00:00:00'),(23,1,12,0,'ZJ01727','吴秋霞','wuqiuxia','e61c17d643d325cd8de83c3d7c63aeea',0,NULL,NULL,NULL,0,'2017-06-09 00:00:00','2017-06-09 00:00:00'),(24,1,12,0,'ZJ03746','申立芳','shenlifang','e61c17d643d325cd8de83c3d7c63aeea',0,NULL,NULL,NULL,0,'2017-06-09 00:00:00','2017-06-09 00:00:00'),(25,1,13,0,'ZJ01009','窦晓红','douxiaohong','e61c17d643d325cd8de83c3d7c63aeea',0,NULL,NULL,NULL,0,'2017-06-09 00:00:00','2017-06-09 00:00:00'),(26,1,13,0,'ZJ02511','侯艳萍','houyanping','e61c17d643d325cd8de83c3d7c63aeea',0,NULL,NULL,NULL,0,'2017-06-09 00:00:00','2017-06-09 00:00:00'),(27,1,13,0,'ZJ02691','贾佳佳','jiajiajia','e61c17d643d325cd8de83c3d7c63aeea',0,NULL,NULL,NULL,0,'2017-06-09 00:00:00','2017-06-09 00:00:00'),(28,1,14,0,'ZJ01812','张金','zhangjin','e61c17d643d325cd8de83c3d7c63aeea',1,NULL,NULL,NULL,0,'2017-06-09 00:00:00','2017-06-09 00:00:00'),(29,1,14,0,'ZJ02173','孙金华','sunjinhua','e61c17d643d325cd8de83c3d7c63aeea',1,NULL,NULL,NULL,0,'2017-06-09 00:00:00','2017-06-09 00:00:00'),(30,1,15,0,'ZJ03712','商浩','shanghao','e61c17d643d325cd8de83c3d7c63aeea',1,NULL,NULL,NULL,0,'2017-06-09 00:00:00','2017-06-09 00:00:00'),(31,1,15,0,'ZJ04395','金弘花','jinhonghua','e61c17d643d325cd8de83c3d7c63aeea',0,NULL,NULL,NULL,0,'2017-06-09 00:00:00','2017-06-09 00:00:00'),(32,1,15,0,'ZJ04576','赵雪微','zhaoxuewei','e61c17d643d325cd8de83c3d7c63aeea',0,NULL,NULL,NULL,0,'2017-06-09 00:00:00','2017-06-09 00:00:00'),(33,1,15,0,'ZJ04564','周文璨','zhouwencan','e61c17d643d325cd8de83c3d7c63aeea',1,NULL,NULL,NULL,0,'2017-06-09 00:00:00','2017-06-09 00:00:00'),(34,1,15,0,'TP00001','杨萌萌','yangmengmeng','e61c17d643d325cd8de83c3d7c63aeea',0,NULL,NULL,NULL,0,'2017-06-09 00:00:00','2017-06-09 00:00:00'),(35,1,15,0,'ZJ05022','崔明明','cuimingming','e61c17d643d325cd8de83c3d7c63aeea',1,NULL,NULL,NULL,0,'2017-06-09 00:00:00','2017-06-09 00:00:00'),(36,1,16,0,'ZJ04037','贺翼','heyi','e61c17d643d325cd8de83c3d7c63aeea',1,NULL,NULL,NULL,0,'2017-06-09 00:00:00','2017-06-09 00:00:00'),(37,1,16,0,'ZJ04577','周倜','zhouti','e61c17d643d325cd8de83c3d7c63aeea',1,NULL,NULL,NULL,0,'2017-06-09 00:00:00','2017-06-09 00:00:00'),(38,1,16,0,'TP00002','TONG WEILEE','tongweilee','e61c17d643d325cd8de83c3d7c63aeea',1,NULL,NULL,NULL,0,'2017-06-09 00:00:00','2017-06-09 00:00:00'),(39,1,16,0,'ZJ05024','于宪成','yuxiancheng','e61c17d643d325cd8de83c3d7c63aeea',1,NULL,NULL,NULL,0,'2017-06-09 00:00:00','2017-06-09 00:00:00'),(40,1,17,0,'ZJ04048','王逸飞','wangyifei','e61c17d643d325cd8de83c3d7c63aeea',1,NULL,NULL,NULL,0,'2017-06-09 00:00:00','2017-06-09 00:00:00'),(41,1,17,0,'ZJ04986','武巍','wuwei','e61c17d643d325cd8de83c3d7c63aeea',1,NULL,NULL,NULL,0,'2017-06-09 00:00:00','2017-06-09 00:00:00'),(42,1,17,0,'TP00003','董智兴','dongzhixing','e61c17d643d325cd8de83c3d7c63aeea',1,NULL,NULL,NULL,0,'2017-06-09 00:00:00','2017-06-09 00:00:00'),(43,1,17,0,'ZJ05025','付斯琪','fusiqi','e61c17d643d325cd8de83c3d7c63aeea',0,NULL,NULL,NULL,0,'2017-06-09 00:00:00','2017-06-09 00:00:00'),(44,1,17,0,'ZJ05023','姚学丰','yaoxuefeng','e61c17d643d325cd8de83c3d7c63aeea',1,NULL,NULL,NULL,0,'2017-06-09 00:00:00','2017-06-09 00:00:00'),(45,1,18,0,'ZJ04602','刘古月','liuguyue','e61c17d643d325cd8de83c3d7c63aeea',1,NULL,NULL,NULL,0,'2017-06-09 00:00:00','2017-06-09 00:00:00'),(46,1,18,0,'ZJ05018','杜伟山','dongweishan','e61c17d643d325cd8de83c3d7c63aeea',1,NULL,NULL,NULL,0,'2017-06-09 00:00:00','2017-06-09 00:00:00'),(47,1,18,0,'TP00004','赵方伊','zhaofangyi','e61c17d643d325cd8de83c3d7c63aeea',0,NULL,NULL,NULL,0,'2017-06-09 00:00:00','2017-06-09 00:00:00'),(48,1,19,0,'ZJ03641','杨百翰','yangbaihan','e61c17d643d325cd8de83c3d7c63aeea',1,NULL,NULL,NULL,0,'2017-06-09 00:00:00','2017-06-09 00:00:00'),(49,1,19,0,'ZJ01043','王云记','wangyunji','e61c17d643d325cd8de83c3d7c63aeea',1,NULL,NULL,NULL,0,'2017-06-09 00:00:00','2017-06-09 00:00:00'),(50,1,19,0,'ZJ04702','吕飞','lvfei','e61c17d643d325cd8de83c3d7c63aeea',1,NULL,NULL,NULL,0,'2017-06-09 00:00:00','2017-06-09 00:00:00'),(51,1,20,0,'ZJ01895','姜伟凡','jiangweifan','e61c17d643d325cd8de83c3d7c63aeea',1,NULL,NULL,NULL,0,'2017-06-09 00:00:00','2017-06-09 00:00:00'),(52,1,21,0,'ZJ04041','高龙','gaolong','e61c17d643d325cd8de83c3d7c63aeea',1,NULL,NULL,NULL,0,'2017-06-09 00:00:00','2017-06-09 00:00:00'),(53,1,21,0,'ZJ01029','张海燕','zhanghaiyan','e61c17d643d325cd8de83c3d7c63aeea',0,NULL,NULL,NULL,0,'2017-06-09 00:00:00','2017-06-09 00:00:00'),(54,1,21,0,'ZJ04065','王波','wangbo','e61c17d643d325cd8de83c3d7c63aeea',1,NULL,NULL,NULL,0,'2017-06-09 00:00:00','2017-06-09 00:00:00'),(55,1,21,0,'ZJ04909','张友来','zhangyoulai','e61c17d643d325cd8de83c3d7c63aeea',1,NULL,NULL,NULL,0,'2017-06-09 00:00:00','2017-06-09 00:00:00'),(56,1,21,0,'ZJ04659','彭昱迪','pengyudi','e61c17d643d325cd8de83c3d7c63aeea',1,NULL,NULL,NULL,0,'2017-06-09 00:00:00','2017-06-09 00:00:00'),(57,1,21,0,'TP00005','费文辉','feiwenhui','e61c17d643d325cd8de83c3d7c63aeea',1,NULL,NULL,NULL,0,'2017-06-09 00:00:00','2017-06-09 00:00:00'),(58,1,21,0,'ZJ05016','李群','liqun','e61c17d643d325cd8de83c3d7c63aeea',1,NULL,NULL,NULL,0,'2017-06-09 00:00:00','2017-06-09 00:00:00'),(59,1,21,0,'ZJ05020','秦娅鑫','qinyaxin','e61c17d643d325cd8de83c3d7c63aeea',0,NULL,NULL,NULL,0,'2017-06-09 00:00:00','2017-06-09 00:00:00'),(60,1,4,2,'ZJ01518','杨柯','yangke','e61c17d643d325cd8de83c3d7c63aeea',1,NULL,NULL,NULL,0,'2017-06-09 00:00:00','2017-06-14 10:48:44'),(61,1,22,0,'ZJ02973','霍俊林','huojunlin','e61c17d643d325cd8de83c3d7c63aeea',1,NULL,NULL,NULL,0,'2017-06-09 00:00:00','2017-06-09 00:00:00'),(62,1,22,0,'ZJ02174','吴振海','wuzhenhai','e61c17d643d325cd8de83c3d7c63aeea',1,NULL,NULL,NULL,0,'2017-06-09 00:00:00','2017-06-09 00:00:00'),(63,1,23,0,'ZJ00105','张军','zhangjun','e61c17d643d325cd8de83c3d7c63aeea',1,NULL,NULL,NULL,0,'2017-06-09 00:00:00','2017-06-09 00:00:00'),(64,1,23,0,'ZJ03039','吕飞飞','lvfeifei','e61c17d643d325cd8de83c3d7c63aeea',0,NULL,NULL,NULL,0,'2017-06-09 00:00:00','2017-06-09 00:00:00'),(65,1,23,0,'TP00006','谢伟月','xieweiyue','e61c17d643d325cd8de83c3d7c63aeea',1,NULL,NULL,NULL,0,'2017-06-09 00:00:00','2017-06-09 00:00:00'),(66,1,23,0,'ZJ05013','汪亮','wangliang','e61c17d643d325cd8de83c3d7c63aeea',1,NULL,NULL,NULL,0,'2017-06-09 00:00:00','2017-06-09 00:00:00'),(67,1,24,0,'ZJ05028','苏海东','suhaidong','e61c17d643d325cd8de83c3d7c63aeea',0,NULL,NULL,NULL,0,'2017-06-09 00:00:00','2017-06-09 00:00:00'),(68,1,24,0,'ZJ04150','何彦军','heyanjun','e61c17d643d325cd8de83c3d7c63aeea',1,NULL,NULL,NULL,0,'2017-06-09 00:00:00','2017-06-09 00:00:00'),(69,1,24,0,'ZJ04360','卢偲','lusi','e61c17d643d325cd8de83c3d7c63aeea',0,NULL,NULL,NULL,0,'2017-06-09 00:00:00','2017-06-09 00:00:00'),(70,1,24,0,'ZJ03326','苏亦明','suyiming','e61c17d643d325cd8de83c3d7c63aeea',1,NULL,NULL,NULL,0,'2017-06-09 00:00:00','2017-06-09 00:00:00'),(71,1,24,0,'ZJ04353','郭樱','guoying','e61c17d643d325cd8de83c3d7c63aeea',0,NULL,NULL,NULL,0,'2017-06-09 00:00:00','2017-06-09 00:00:00'),(72,1,25,1,'ZJ04356','张钰','zhangyu','e61c17d643d325cd8de83c3d7c63aeea',1,NULL,NULL,NULL,0,'2017-06-09 00:00:00','2017-06-14 11:07:44'),(73,1,25,0,'ZJ05021','薛鹏','xuepeng','e61c17d643d325cd8de83c3d7c63aeea',1,NULL,NULL,NULL,0,'2017-06-09 00:00:00','2017-06-09 00:00:00'),(74,1,25,0,'ZJ04983','白军玉','baijunyu','e61c17d643d325cd8de83c3d7c63aeea',1,NULL,NULL,NULL,0,'2017-06-09 00:00:00','2017-06-09 00:00:00'),(75,1,25,0,'ZJ05031','张志恒','zhangzhiheng','e61c17d643d325cd8de83c3d7c63aeea',1,NULL,NULL,NULL,0,'2017-06-09 00:00:00','2017-06-09 00:00:00'),(76,1,25,0,'ZJ05034','伊伟杰','yiweijie','e61c17d643d325cd8de83c3d7c63aeea',1,NULL,NULL,NULL,0,'2017-06-09 00:00:00','2017-06-09 00:00:00'),(77,1,26,0,'ZJ04571','李成通','lichengtong','e61c17d643d325cd8de83c3d7c63aeea',1,NULL,NULL,NULL,0,'2017-06-09 00:00:00','2017-06-09 00:00:00'),(78,1,26,0,'ZJ05035','赵培文','zhaopeiwen','e61c17d643d325cd8de83c3d7c63aeea',1,NULL,NULL,NULL,0,'2017-06-09 00:00:00','2017-06-09 00:00:00'),(79,1,26,0,'ZJ00120','刘伟','liuwei','e61c17d643d325cd8de83c3d7c63aeea',1,NULL,NULL,NULL,0,'2017-06-09 00:00:00','2017-06-09 00:00:00'),(80,1,27,1,'ZJ04284','张计飞','zhangjifei','e61c17d643d325cd8de83c3d7c63aeea',1,NULL,NULL,NULL,0,'2017-06-09 00:00:00','2017-06-13 17:15:47'),(81,1,25,0,'ZJ04300','金永波','jinyongbo','e61c17d643d325cd8de83c3d7c63aeea',1,NULL,NULL,NULL,0,'2017-06-09 00:00:00','2017-06-14 10:29:36'),(82,1,27,0,'ZJ01468','丁俊峰','dingjunfeng','e61c17d643d325cd8de83c3d7c63aeea',1,NULL,NULL,NULL,0,'2017-06-09 00:00:00','2017-06-09 00:00:00'),(83,1,27,0,'TP00007','杨剑博','yangjianbo','e61c17d643d325cd8de83c3d7c63aeea',1,NULL,NULL,NULL,0,'2017-06-09 00:00:00','2017-06-09 00:00:00'),(84,1,27,0,'ZJ04601','靳永昌','jinyongchang','e61c17d643d325cd8de83c3d7c63aeea',1,NULL,NULL,NULL,0,'2017-06-09 00:00:00','2017-06-09 00:00:00'),(85,1,27,0,'ZJ04907','魏征','weizheng','e61c17d643d325cd8de83c3d7c63aeea',1,NULL,NULL,NULL,0,'2017-06-09 00:00:00','2017-06-09 00:00:00'),(86,1,27,0,'ZJ04393','郭静步','guojingbu','e61c17d643d325cd8de83c3d7c63aeea',1,NULL,NULL,NULL,0,'2017-06-09 00:00:00','2017-06-09 00:00:00'),(87,1,27,0,'ZJ04810','张珂','zhangke','e61c17d643d325cd8de83c3d7c63aeea',1,NULL,NULL,NULL,0,'2017-06-09 00:00:00','2017-06-09 00:00:00'),(88,1,27,0,'ZJ05015','葛海阔','gehaikuo','e61c17d643d325cd8de83c3d7c63aeea',1,NULL,NULL,NULL,0,'2017-06-09 00:00:00','2017-06-09 00:00:00'),(89,1,27,0,'ZJ05026','李亚冰','liyabing','e61c17d643d325cd8de83c3d7c63aeea',1,NULL,NULL,NULL,0,'2017-06-09 00:00:00','2017-06-09 00:00:00'),(90,1,27,0,'ZJ01170','杨霆','yangting','e61c17d643d325cd8de83c3d7c63aeea',1,NULL,NULL,NULL,0,'2017-06-09 00:00:00','2017-06-09 00:00:00'),(91,1,27,0,'ZJ03080','陈炜','chenwei','e61c17d643d325cd8de83c3d7c63aeea',1,NULL,NULL,NULL,0,'2017-06-09 00:00:00','2017-06-09 00:00:00'),(92,1,27,0,'ZJ04582','焦慧峰','jiaohuifeng','e61c17d643d325cd8de83c3d7c63aeea',1,NULL,NULL,NULL,0,'2017-06-09 00:00:00','2017-06-09 00:00:00'),(93,1,27,0,'ZJ04987','王健超','wangjianchao','e61c17d643d325cd8de83c3d7c63aeea',1,NULL,NULL,NULL,0,'2017-06-09 00:00:00','2017-06-09 00:00:00'),(94,1,27,0,'ZJ05027','张海生','zhanghaisheng','e61c17d643d325cd8de83c3d7c63aeea',1,NULL,NULL,NULL,0,'2017-06-09 00:00:00','2017-06-09 00:00:00'),(95,1,27,0,'ZJ05029','陈雪平','chenxueping','e61c17d643d325cd8de83c3d7c63aeea',1,NULL,NULL,NULL,0,'2017-06-09 00:00:00','2017-06-09 00:00:00'),(96,1,27,0,'ZJ05030','郭浩然','guohaoran','e61c17d643d325cd8de83c3d7c63aeea',1,NULL,NULL,NULL,0,'2017-06-09 00:00:00','2017-06-09 00:00:00'),(97,1,28,0,'ZJ00188','崔光辉','cuiguanghui','e61c17d643d325cd8de83c3d7c63aeea',1,NULL,NULL,NULL,0,'2017-06-09 00:00:00','2017-06-09 00:00:00'),(98,1,28,0,'ZJ00199','安永洪','anyonghong','e61c17d643d325cd8de83c3d7c63aeea',1,NULL,NULL,NULL,0,'2017-06-09 00:00:00','2017-06-09 00:00:00'),(99,1,28,0,'ZJ04700','闻光','wenguang','e61c17d643d325cd8de83c3d7c63aeea',1,NULL,NULL,NULL,0,'2017-06-09 00:00:00','2017-06-09 00:00:00'),(100,1,28,0,'ZJ02201','马兴伦','maxinglun','e61c17d643d325cd8de83c3d7c63aeea',1,NULL,NULL,NULL,0,'2017-06-09 00:00:00','2017-06-09 00:00:00'),(101,1,28,0,'ZJ03135','徐亚萍','xuyaping','e61c17d643d325cd8de83c3d7c63aeea',1,NULL,NULL,NULL,0,'2017-06-09 00:00:00','2017-06-09 00:00:00'),(1838,2,30,0,'ZL00006','张祖承','zhangzucheng','e61c17d643d325cd8de83c3d7c63aeea',1,NULL,NULL,NULL,0,'2017-06-09 00:00:00','2017-06-09 00:00:00'),(1839,2,30,0,'ZL00023','黎薇','liwei','e61c17d643d325cd8de83c3d7c63aeea',0,NULL,NULL,NULL,0,'2017-06-09 00:00:00','2017-06-09 00:00:00'),(1840,2,30,0,'ZL00424','尹雪峰','yinxuefeng','e61c17d643d325cd8de83c3d7c63aeea',0,NULL,NULL,NULL,0,'2017-06-09 00:00:00','2017-06-09 00:00:00'),(1841,2,30,0,'ZL00219','陈安娜','chenanna','e61c17d643d325cd8de83c3d7c63aeea',0,NULL,NULL,NULL,0,'2017-06-09 00:00:00','2017-06-09 00:00:00'),(1842,2,30,0,'ZL00002','魏健华','weijianhua','e61c17d643d325cd8de83c3d7c63aeea',1,NULL,NULL,NULL,0,'2017-06-09 00:00:00','2017-06-09 00:00:00'),(1843,2,30,0,'ZL00065','郭晓峰','guoxiaofeng','e61c17d643d325cd8de83c3d7c63aeea',1,NULL,NULL,NULL,0,'2017-06-09 00:00:00','2017-06-09 00:00:00'),(1844,2,30,0,'ZL00012','管澍','guanshu','e61c17d643d325cd8de83c3d7c63aeea',1,NULL,NULL,NULL,0,'2017-06-09 00:00:00','2017-06-09 00:00:00'),(1845,2,30,0,'ZL00022','刘安青','liuanqing','e61c17d643d325cd8de83c3d7c63aeea',1,NULL,NULL,NULL,0,'2017-06-09 00:00:00','2017-06-09 00:00:00'),(1846,2,30,0,'ZL00018','梁忱','liangchen','e61c17d643d325cd8de83c3d7c63aeea',1,NULL,NULL,NULL,0,'2017-06-09 00:00:00','2017-06-09 00:00:00'),(1847,2,30,0,'ZL00061','高旻','gaoming','e61c17d643d325cd8de83c3d7c63aeea',1,NULL,NULL,NULL,0,'2017-06-09 00:00:00','2017-06-09 00:00:00'),(1848,2,30,0,'ZL00014','杜洪艳','duhongyan','e61c17d643d325cd8de83c3d7c63aeea',0,NULL,NULL,NULL,0,'2017-06-09 00:00:00','2017-06-09 00:00:00'),(1849,2,30,0,'ZL00165','郭海涛','guohaitao','e61c17d643d325cd8de83c3d7c63aeea',1,NULL,NULL,NULL,0,'2017-06-09 00:00:00','2017-06-09 00:00:00'),(1850,2,30,0,'ZL00517','赵永','zhaoyong','e61c17d643d325cd8de83c3d7c63aeea',1,NULL,NULL,NULL,0,'2017-06-09 00:00:00','2017-06-09 00:00:00'),(1851,2,30,0,'ZL00035','赵星星','zhaoxingxing','e61c17d643d325cd8de83c3d7c63aeea',0,NULL,NULL,NULL,0,'2017-06-09 00:00:00','2017-06-09 00:00:00'),(1852,2,30,0,'ZL00438','王秋林','wangqiulin','e61c17d643d325cd8de83c3d7c63aeea',1,NULL,NULL,NULL,0,'2017-06-09 00:00:00','2017-06-09 00:00:00'),(1853,2,30,0,'ZL00060','周滇来','zhoudianlai','e61c17d643d325cd8de83c3d7c63aeea',1,NULL,NULL,NULL,0,'2017-06-09 00:00:00','2017-06-09 00:00:00'),(1854,2,30,0,'ZL00496','秦伟','qinwei','e61c17d643d325cd8de83c3d7c63aeea',1,NULL,NULL,NULL,0,'2017-06-09 00:00:00','2017-06-09 00:00:00'),(1855,2,30,0,'ZL00596','李鹏科','lipengke','e61c17d643d325cd8de83c3d7c63aeea',1,NULL,NULL,NULL,0,'2017-06-09 00:00:00','2017-06-09 00:00:00'),(1856,2,30,0,'ZL00076','刘鹏','liupeng','e61c17d643d325cd8de83c3d7c63aeea',1,NULL,NULL,NULL,0,'2017-06-09 00:00:00','2017-06-09 00:00:00'),(1857,2,30,0,'ZL00102','陈晨3','chenchen','e61c17d643d325cd8de83c3d7c63aeea',1,NULL,NULL,NULL,0,'2017-06-09 00:00:00','2017-06-09 00:00:00'),(1858,2,30,0,'ZL00303','李欧阳','liouyang','e61c17d643d325cd8de83c3d7c63aeea',1,NULL,NULL,NULL,0,'2017-06-09 00:00:00','2017-06-09 00:00:00'),(1859,2,30,0,'ZL00345','徐鹏','xupeng','e61c17d643d325cd8de83c3d7c63aeea',1,NULL,NULL,NULL,0,'2017-06-09 00:00:00','2017-06-09 00:00:00'),(1860,2,30,0,'ZL00404','孙海江','sunhaijiang','e61c17d643d325cd8de83c3d7c63aeea',1,NULL,NULL,NULL,0,'2017-06-09 00:00:00','2017-06-09 00:00:00'),(1861,2,30,0,'ZL00405','李旭','lixu','e61c17d643d325cd8de83c3d7c63aeea',1,NULL,NULL,NULL,0,'2017-06-09 00:00:00','2017-06-09 00:00:00'),(1862,2,30,0,'ZL00403','秦子健','qinzijian','e61c17d643d325cd8de83c3d7c63aeea',1,NULL,NULL,NULL,0,'2017-06-09 00:00:00','2017-06-09 00:00:00'),(1863,2,30,0,'ZL00459','周浩','zhouhao','e61c17d643d325cd8de83c3d7c63aeea',1,NULL,NULL,NULL,0,'2017-06-09 00:00:00','2017-06-09 00:00:00'),(1864,2,30,0,'ZL00473','张翔','zhangxiang','e61c17d643d325cd8de83c3d7c63aeea',1,NULL,NULL,NULL,0,'2017-06-09 00:00:00','2017-06-09 00:00:00'),(1865,2,30,0,'ZL00255','时兵','shibing','e61c17d643d325cd8de83c3d7c63aeea',1,NULL,NULL,NULL,0,'2017-06-09 00:00:00','2017-06-09 00:00:00'),(1866,2,30,0,'ZL00026','肖音','xiaoyin','e61c17d643d325cd8de83c3d7c63aeea',0,NULL,NULL,NULL,0,'2017-06-09 00:00:00','2017-06-09 00:00:00'),(1867,2,30,0,'ZL00439','刘洁净','liujiejing','e61c17d643d325cd8de83c3d7c63aeea',0,NULL,NULL,NULL,0,'2017-06-09 00:00:00','2017-06-09 00:00:00'),(1868,2,30,0,'ZL00129','李苗席','limiaoxi','e61c17d643d325cd8de83c3d7c63aeea',0,NULL,NULL,NULL,0,'2017-06-09 00:00:00','2017-06-09 00:00:00'),(1869,2,30,0,'ZL00016','田浩','tianhao','e61c17d643d325cd8de83c3d7c63aeea',1,NULL,NULL,NULL,0,'2017-06-09 00:00:00','2017-06-09 00:00:00'),(1870,2,30,0,'ZL00075','李玉娟','liyujuan','e61c17d643d325cd8de83c3d7c63aeea',0,NULL,NULL,NULL,0,'2017-06-09 00:00:00','2017-06-09 00:00:00'),(1871,2,30,0,'ZL00164','罗霞','luoxia','e61c17d643d325cd8de83c3d7c63aeea',0,NULL,NULL,NULL,0,'2017-06-09 00:00:00','2017-06-09 00:00:00'),(1872,2,30,0,'ZL00204','杨晓晨','yangxiaochen','e61c17d643d325cd8de83c3d7c63aeea',0,NULL,NULL,NULL,0,'2017-06-09 00:00:00','2017-06-09 00:00:00'),(1873,2,30,0,'ZL00150','王占良','wangzhanliang','e61c17d643d325cd8de83c3d7c63aeea',1,NULL,NULL,NULL,0,'2017-06-09 00:00:00','2017-06-09 00:00:00'),(1874,2,30,0,'ZL00157','贾雪','jiaxue','e61c17d643d325cd8de83c3d7c63aeea',0,NULL,NULL,NULL,0,'2017-06-09 00:00:00','2017-06-09 00:00:00'),(1875,2,30,0,'ZL00098','尤秀玲','youxiuling','e61c17d643d325cd8de83c3d7c63aeea',0,NULL,NULL,NULL,0,'2017-06-09 00:00:00','2017-06-09 00:00:00'),(1876,2,30,0,'ZL00070','董秋霞','dongqiuxia','e61c17d643d325cd8de83c3d7c63aeea',0,NULL,NULL,NULL,0,'2017-06-09 00:00:00','2017-06-09 00:00:00'),(1877,2,30,0,'ZL00295','闵昆鹏','minkunpeng','e61c17d643d325cd8de83c3d7c63aeea',1,NULL,NULL,NULL,0,'2017-06-09 00:00:00','2017-06-09 00:00:00'),(1878,2,30,0,'ZL00432','王文彬','wangwenbin','e61c17d643d325cd8de83c3d7c63aeea',1,NULL,NULL,NULL,0,'2017-06-09 00:00:00','2017-06-09 00:00:00'),(1879,2,30,0,'ZL00429','张冬菊','zhangdongju','e61c17d643d325cd8de83c3d7c63aeea',0,NULL,NULL,NULL,0,'2017-06-09 00:00:00','2017-06-09 00:00:00'),(1880,2,30,0,'ZL00089','王保利','wangbaoli','e61c17d643d325cd8de83c3d7c63aeea',0,NULL,NULL,NULL,0,'2017-06-09 00:00:00','2017-06-09 00:00:00'),(1881,2,30,0,'ZL00121','王凤霞','wangfengxia','e61c17d643d325cd8de83c3d7c63aeea',0,NULL,NULL,NULL,0,'2017-06-09 00:00:00','2017-06-09 00:00:00'),(1882,2,30,0,'ZL00159','李会清','lihuiqing','e61c17d643d325cd8de83c3d7c63aeea',0,NULL,NULL,NULL,0,'2017-06-09 00:00:00','2017-06-09 00:00:00'),(1883,2,30,0,'ZL00114','樊金玲','fanjinling','e61c17d643d325cd8de83c3d7c63aeea',0,NULL,NULL,NULL,0,'2017-06-09 00:00:00','2017-06-09 00:00:00'),(1884,2,30,0,'ZL00205','徐丽珍','xulizhen','e61c17d643d325cd8de83c3d7c63aeea',0,NULL,NULL,NULL,0,'2017-06-09 00:00:00','2017-06-09 00:00:00'),(1885,2,30,0,'ZL00400','徐月红','xuyuehong','e61c17d643d325cd8de83c3d7c63aeea',0,NULL,NULL,NULL,0,'2017-06-09 00:00:00','2017-06-09 00:00:00'),(1886,2,30,0,'ZL00251','卢予祺','luyuqi','e61c17d643d325cd8de83c3d7c63aeea',1,NULL,NULL,NULL,0,'2017-06-09 00:00:00','2017-06-09 00:00:00'),(1887,2,30,0,'ZL00252','魏颖','weiying','e61c17d643d325cd8de83c3d7c63aeea',0,NULL,NULL,NULL,0,'2017-06-09 00:00:00','2017-06-09 00:00:00'),(1888,2,30,0,'ZL00253','周国林','zhouguolin','e61c17d643d325cd8de83c3d7c63aeea',1,NULL,NULL,NULL,0,'2017-06-09 00:00:00','2017-06-09 00:00:00'),(1889,2,30,0,'ZL00445','徐兴正','xuxingzheng','e61c17d643d325cd8de83c3d7c63aeea',1,NULL,NULL,NULL,0,'2017-06-09 00:00:00','2017-06-09 00:00:00'),(1890,2,30,0,'ZL00449','陈淑改','chenshugai','e61c17d643d325cd8de83c3d7c63aeea',0,NULL,NULL,NULL,0,'2017-06-09 00:00:00','2017-06-09 00:00:00'),(1891,2,30,0,'ZL00450','韩佳庆','hanjiaqing','e61c17d643d325cd8de83c3d7c63aeea',1,NULL,NULL,NULL,0,'2017-06-09 00:00:00','2017-06-09 00:00:00'),(1892,2,30,0,'ZL00024','盛红梅','shenghongmei','e61c17d643d325cd8de83c3d7c63aeea',0,NULL,NULL,NULL,0,'2017-06-09 00:00:00','2017-06-09 00:00:00'),(1893,2,30,0,'ZL00052','宋嘉雨','songjiayu','e61c17d643d325cd8de83c3d7c63aeea',1,NULL,NULL,NULL,0,'2017-06-09 00:00:00','2017-06-09 00:00:00'),(1894,2,30,0,'ZL00069','赵越一','zhaoyueyi','e61c17d643d325cd8de83c3d7c63aeea',0,NULL,NULL,NULL,0,'2017-06-09 00:00:00','2017-06-09 00:00:00'),(1895,2,30,0,'ZL00081','李金奎','lijinkui','e61c17d643d325cd8de83c3d7c63aeea',0,NULL,NULL,NULL,0,'2017-06-09 00:00:00','2017-06-09 00:00:00'),(1896,2,30,0,'ZL00447','张抗抗','zhangkangkang','e61c17d643d325cd8de83c3d7c63aeea',1,NULL,NULL,NULL,0,'2017-06-09 00:00:00','2017-06-09 00:00:00'),(1897,2,30,0,'ZL00513','李擎','liqing','e61c17d643d325cd8de83c3d7c63aeea',0,NULL,NULL,NULL,0,'2017-06-09 00:00:00','2017-06-09 00:00:00'),(1898,2,30,0,'ZL00515','田锦兰','tianjinlan','e61c17d643d325cd8de83c3d7c63aeea',0,NULL,NULL,NULL,0,'2017-06-09 00:00:00','2017-06-09 00:00:00'),(1899,2,30,0,'ZL00522','刘馨泽','liuxinze','e61c17d643d325cd8de83c3d7c63aeea',0,NULL,NULL,NULL,0,'2017-06-09 00:00:00','2017-06-09 00:00:00'),(1900,2,30,0,'ZL00003','祁冬雪','qidongxue','e61c17d643d325cd8de83c3d7c63aeea',0,NULL,NULL,NULL,0,'2017-06-09 00:00:00','2017-06-09 00:00:00'),(1901,2,30,0,'ZL00027','常洪飞','changhongfei','e61c17d643d325cd8de83c3d7c63aeea',0,NULL,NULL,NULL,0,'2017-06-09 00:00:00','2017-06-09 00:00:00'),(1902,2,30,0,'ZL00031','胡小敬','huxiaojing','e61c17d643d325cd8de83c3d7c63aeea',0,NULL,NULL,NULL,0,'2017-06-09 00:00:00','2017-06-09 00:00:00'),(1903,2,30,0,'ZL00039','唐超','tangchao','e61c17d643d325cd8de83c3d7c63aeea',1,NULL,NULL,NULL,0,'2017-06-09 00:00:00','2017-06-09 00:00:00'),(1904,2,30,0,'ZL00446','张涛','zhangtao','e61c17d643d325cd8de83c3d7c63aeea',1,NULL,NULL,NULL,0,'2017-06-09 00:00:00','2017-06-09 00:00:00'),(1905,2,30,0,'ZL00448','周欢','zhouhuan','e61c17d643d325cd8de83c3d7c63aeea',1,NULL,NULL,NULL,0,'2017-06-09 00:00:00','2017-06-09 00:00:00'),(1906,2,30,0,'ZL00451','孙燕','sunyan','e61c17d643d325cd8de83c3d7c63aeea',0,NULL,NULL,NULL,0,'2017-06-09 00:00:00','2017-06-09 00:00:00'),(1907,2,30,0,'ZL00514','柴晓晓','chaixiaoxiao','e61c17d643d325cd8de83c3d7c63aeea',0,NULL,NULL,NULL,0,'2017-06-09 00:00:00','2017-06-09 00:00:00'),(1908,2,30,0,'ZL00033','张亭亭','zhangtingting','e61c17d643d325cd8de83c3d7c63aeea',0,NULL,NULL,NULL,0,'2017-06-09 00:00:00','2017-06-09 00:00:00'),(1909,2,30,0,'ZL00096','于宁','yuning','e61c17d643d325cd8de83c3d7c63aeea',1,NULL,NULL,NULL,0,'2017-06-09 00:00:00','2017-06-09 00:00:00'),(1910,2,30,0,'ZL00072','隗晓丹','weixiaodan','e61c17d643d325cd8de83c3d7c63aeea',0,NULL,NULL,NULL,0,'2017-06-09 00:00:00','2017-06-09 00:00:00'),(1911,2,30,0,'ZL00173','郑博雅','zhengboya','e61c17d643d325cd8de83c3d7c63aeea',0,NULL,NULL,NULL,0,'2017-06-09 00:00:00','2017-06-09 00:00:00'),(1912,2,30,0,'ZL00036','王苹','wangping','e61c17d643d325cd8de83c3d7c63aeea',0,NULL,NULL,NULL,0,'2017-06-09 00:00:00','2017-06-09 00:00:00'),(1913,2,30,0,'ZL00229','鲁小茜','luxiaoxi','e61c17d643d325cd8de83c3d7c63aeea',0,NULL,NULL,NULL,0,'2017-06-09 00:00:00','2017-06-09 00:00:00'),(1914,2,30,0,'ZL00106','穆斌','mubin','e61c17d643d325cd8de83c3d7c63aeea',1,NULL,NULL,NULL,0,'2017-06-09 00:00:00','2017-06-09 00:00:00'),(1915,2,30,0,'ZL00087','宋涛','songtao','e61c17d643d325cd8de83c3d7c63aeea',1,NULL,NULL,NULL,0,'2017-06-09 00:00:00','2017-06-09 00:00:00'),(1916,2,30,0,'ZL00189','孙晓星','sunxiaoxing','e61c17d643d325cd8de83c3d7c63aeea',0,NULL,NULL,NULL,0,'2017-06-09 00:00:00','2017-06-09 00:00:00'),(1917,2,30,0,'ZL00080','江疆','jiangjiang','e61c17d643d325cd8de83c3d7c63aeea',0,NULL,NULL,NULL,0,'2017-06-09 00:00:00','2017-06-09 00:00:00'),(1918,2,30,0,'ZL00182','马燕利','mayanli','e61c17d643d325cd8de83c3d7c63aeea',0,NULL,NULL,NULL,0,'2017-06-09 00:00:00','2017-06-09 00:00:00'),(1919,2,30,0,'ZL00108','张婵','zhangchan','e61c17d643d325cd8de83c3d7c63aeea',0,NULL,NULL,NULL,0,'2017-06-09 00:00:00','2017-06-09 00:00:00'),(1920,2,30,0,'ZL00233','闫红','yanhong','e61c17d643d325cd8de83c3d7c63aeea',0,NULL,NULL,NULL,0,'2017-06-09 00:00:00','2017-06-09 00:00:00'),(1921,2,30,0,'ZL00132','李亚敏','liyamin','e61c17d643d325cd8de83c3d7c63aeea',0,NULL,NULL,NULL,0,'2017-06-09 00:00:00','2017-06-09 00:00:00'),(1922,2,30,0,'ZL00083','屈静','qujing','e61c17d643d325cd8de83c3d7c63aeea',0,NULL,NULL,NULL,0,'2017-06-09 00:00:00','2017-06-09 00:00:00'),(1923,2,30,0,'ZL00063','高培红','gaopeihong','e61c17d643d325cd8de83c3d7c63aeea',0,NULL,NULL,NULL,0,'2017-06-09 00:00:00','2017-06-09 00:00:00'),(1924,2,30,0,'ZL00243','石晓梦','shixiaomeng','e61c17d643d325cd8de83c3d7c63aeea',0,NULL,NULL,NULL,0,'2017-06-09 00:00:00','2017-06-09 00:00:00'),(1925,2,30,0,'ZL00244','王莉','wangli','e61c17d643d325cd8de83c3d7c63aeea',0,NULL,NULL,NULL,0,'2017-06-09 00:00:00','2017-06-09 00:00:00'),(1926,2,30,0,'ZL00248','左珊珊','zuoshanshan','e61c17d643d325cd8de83c3d7c63aeea',0,NULL,NULL,NULL,0,'2017-06-09 00:00:00','2017-06-09 00:00:00'),(1927,2,30,0,'ZL00249','胡智茹','huzhiru','e61c17d643d325cd8de83c3d7c63aeea',0,NULL,NULL,NULL,0,'2017-06-09 00:00:00','2017-06-09 00:00:00'),(1928,2,30,0,'ZL00259','卢杰','lujie','e61c17d643d325cd8de83c3d7c63aeea',0,NULL,NULL,NULL,0,'2017-06-09 00:00:00','2017-06-09 00:00:00'),(1929,2,30,0,'ZL00261','张楠','zhangnan','e61c17d643d325cd8de83c3d7c63aeea',1,NULL,NULL,NULL,0,'2017-06-09 00:00:00','2017-06-09 00:00:00'),(1930,2,30,0,'ZL00280','谷林','gulin','e61c17d643d325cd8de83c3d7c63aeea',0,NULL,NULL,NULL,0,'2017-06-09 00:00:00','2017-06-09 00:00:00'),(1931,2,30,0,'ZL00286','刘艳霞','liuyanxia','e61c17d643d325cd8de83c3d7c63aeea',0,NULL,NULL,NULL,0,'2017-06-09 00:00:00','2017-06-09 00:00:00'),(1932,2,30,0,'ZL00256','孙晨阳','sunchenyang','e61c17d643d325cd8de83c3d7c63aeea',0,NULL,NULL,NULL,0,'2017-06-09 00:00:00','2017-06-09 00:00:00'),(1933,2,30,0,'ZL00093','王宏霞','wanghongxia','e61c17d643d325cd8de83c3d7c63aeea',0,NULL,NULL,NULL,0,'2017-06-09 00:00:00','2017-06-09 00:00:00'),(1934,2,30,0,'ZL00310','刘磊','liulei','e61c17d643d325cd8de83c3d7c63aeea',1,NULL,NULL,NULL,0,'2017-06-09 00:00:00','2017-06-09 00:00:00'),(1935,2,30,0,'ZL00322','阴鹏翔','yinpengxiang','e61c17d643d325cd8de83c3d7c63aeea',0,NULL,NULL,NULL,0,'2017-06-09 00:00:00','2017-06-09 00:00:00'),(1936,2,30,0,'ZL00328','荣会敏','ronghuimin','e61c17d643d325cd8de83c3d7c63aeea',0,NULL,NULL,NULL,0,'2017-06-09 00:00:00','2017-06-09 00:00:00'),(1937,2,30,0,'ZL00350','李金龙','lijinlong','e61c17d643d325cd8de83c3d7c63aeea',0,NULL,NULL,NULL,0,'2017-06-09 00:00:00','2017-06-09 00:00:00'),(1938,2,30,0,'ZL00361','张静','zhangjing','e61c17d643d325cd8de83c3d7c63aeea',0,NULL,NULL,NULL,0,'2017-06-09 00:00:00','2017-06-09 00:00:00'),(1939,2,30,0,'ZL00371','杜丽娟','dulijuan','e61c17d643d325cd8de83c3d7c63aeea',0,NULL,NULL,NULL,0,'2017-06-09 00:00:00','2017-06-09 00:00:00'),(1940,2,30,0,'ZL00372','李晓红','lixiaohong','e61c17d643d325cd8de83c3d7c63aeea',0,NULL,NULL,NULL,0,'2017-06-09 00:00:00','2017-06-09 00:00:00'),(1941,2,30,0,'ZL00373','李相廷','lixiangting','e61c17d643d325cd8de83c3d7c63aeea',0,NULL,NULL,NULL,0,'2017-06-09 00:00:00','2017-06-09 00:00:00'),(1942,2,30,0,'ZL00374','陈立新','chenlixin','e61c17d643d325cd8de83c3d7c63aeea',1,NULL,NULL,NULL,0,'2017-06-09 00:00:00','2017-06-09 00:00:00'),(1943,2,30,0,'ZL00376','姚文彦','yaowenyan','e61c17d643d325cd8de83c3d7c63aeea',0,NULL,NULL,NULL,0,'2017-06-09 00:00:00','2017-06-09 00:00:00'),(1944,2,30,0,'ZL00270','左春梅','zuochunmei','e61c17d643d325cd8de83c3d7c63aeea',0,NULL,NULL,NULL,0,'2017-06-09 00:00:00','2017-06-09 00:00:00'),(1945,2,30,0,'ZL00136','李洋1','liyang','e61c17d643d325cd8de83c3d7c63aeea',0,NULL,NULL,NULL,0,'2017-06-09 00:00:00','2017-06-09 00:00:00'),(1946,2,30,0,'ZL00433','杨宵光','yangxiaoguang','e61c17d643d325cd8de83c3d7c63aeea',1,NULL,NULL,NULL,0,'2017-06-09 00:00:00','2017-06-09 00:00:00'),(1947,2,30,0,'ZL00289','杜欣','duxin','e61c17d643d325cd8de83c3d7c63aeea',0,NULL,NULL,NULL,0,'2017-06-09 00:00:00','2017-06-09 00:00:00'),(1948,2,30,0,'ZL00107','门立霞','menlixia','e61c17d643d325cd8de83c3d7c63aeea',0,NULL,NULL,NULL,0,'2017-06-09 00:00:00','2017-06-09 00:00:00'),(1949,2,30,0,'ZL00071','牛丽丽','niulili','e61c17d643d325cd8de83c3d7c63aeea',0,NULL,NULL,NULL,0,'2017-06-09 00:00:00','2017-06-09 00:00:00'),(1950,2,30,0,'ZL00232','郭燕','guoyan','e61c17d643d325cd8de83c3d7c63aeea',0,NULL,NULL,NULL,0,'2017-06-09 00:00:00','2017-06-09 00:00:00'),(1951,2,30,0,'ZL00418','石博文','shibowen','e61c17d643d325cd8de83c3d7c63aeea',1,NULL,NULL,NULL,0,'2017-06-09 00:00:00','2017-06-09 00:00:00'),(1952,2,30,0,'ZL00068','宋爽','songshuang','e61c17d643d325cd8de83c3d7c63aeea',0,NULL,NULL,NULL,0,'2017-06-09 00:00:00','2017-06-09 00:00:00'),(1953,2,30,0,'ZL00466','董殿军','dongdianjun','e61c17d643d325cd8de83c3d7c63aeea',1,NULL,NULL,NULL,0,'2017-06-09 00:00:00','2017-06-09 00:00:00'),(1954,2,30,0,'ZL00467','宋艳','songyan','e61c17d643d325cd8de83c3d7c63aeea',0,NULL,NULL,NULL,0,'2017-06-09 00:00:00','2017-06-09 00:00:00'),(1955,2,30,0,'ZL00444','王提丽','wangtili','e61c17d643d325cd8de83c3d7c63aeea',0,NULL,NULL,NULL,0,'2017-06-09 00:00:00','2017-06-09 00:00:00'),(1956,2,30,0,'ZL00477','宋晓晗','songxiaohan','e61c17d643d325cd8de83c3d7c63aeea',0,NULL,NULL,NULL,0,'2017-06-09 00:00:00','2017-06-09 00:00:00'),(1957,2,30,0,'ZL00482','安晓敏','anxiaomin','e61c17d643d325cd8de83c3d7c63aeea',0,NULL,NULL,NULL,0,'2017-06-09 00:00:00','2017-06-09 00:00:00'),(1958,2,30,0,'ZL00492','张超','zhangchao','e61c17d643d325cd8de83c3d7c63aeea',0,NULL,NULL,NULL,0,'2017-06-09 00:00:00','2017-06-09 00:00:00'),(1959,2,30,0,'ZL00495','宋林靖','songlinjing','e61c17d643d325cd8de83c3d7c63aeea',0,NULL,NULL,NULL,0,'2017-06-09 00:00:00','2017-06-09 00:00:00'),(1960,2,30,0,'ZL00048','徐薇','xuwei','e61c17d643d325cd8de83c3d7c63aeea',0,NULL,NULL,NULL,0,'2017-06-09 00:00:00','2017-06-09 00:00:00'),(1961,2,30,0,'ZL00500','刘桐','liutong','e61c17d643d325cd8de83c3d7c63aeea',0,NULL,NULL,NULL,0,'2017-06-09 00:00:00','2017-06-09 00:00:00'),(1962,2,30,0,'ZL00502','马滕','mateng','e61c17d643d325cd8de83c3d7c63aeea',0,NULL,NULL,NULL,0,'2017-06-09 00:00:00','2017-06-09 00:00:00'),(1963,2,30,0,'ZL00504','曾晓妍','zengxiaoyan','e61c17d643d325cd8de83c3d7c63aeea',0,NULL,NULL,NULL,0,'2017-06-09 00:00:00','2017-06-09 00:00:00'),(1964,2,30,0,'ZL00506','崔梦瑶','cuimengyao','e61c17d643d325cd8de83c3d7c63aeea',0,NULL,NULL,NULL,0,'2017-06-09 00:00:00','2017-06-09 00:00:00'),(1965,2,30,0,'ZL00509','周俊','zhoujun','e61c17d643d325cd8de83c3d7c63aeea',1,NULL,NULL,NULL,0,'2017-06-09 00:00:00','2017-06-09 00:00:00'),(1966,2,30,0,'ZL00510','兰文龙','lanwenlong','e61c17d643d325cd8de83c3d7c63aeea',1,NULL,NULL,NULL,0,'2017-06-09 00:00:00','2017-06-09 00:00:00'),(1967,2,30,0,'ZL00512','郭万慧','guowanhui','e61c17d643d325cd8de83c3d7c63aeea',1,NULL,NULL,NULL,0,'2017-06-09 00:00:00','2017-06-09 00:00:00'),(1968,2,30,0,'ZL00082','马淳佳','machunjia','e61c17d643d325cd8de83c3d7c63aeea',1,NULL,NULL,NULL,0,'2017-06-09 00:00:00','2017-06-09 00:00:00'),(1969,2,30,0,'ZL00190','范雪丽','fanxueli','e61c17d643d325cd8de83c3d7c63aeea',0,NULL,NULL,NULL,0,'2017-06-09 00:00:00','2017-06-09 00:00:00'),(1970,2,30,0,'ZL00119','王雪','wangxue','e61c17d643d325cd8de83c3d7c63aeea',0,NULL,NULL,NULL,0,'2017-06-09 00:00:00','2017-06-09 00:00:00'),(1971,2,30,0,'ZL00370','陈媛媛','chenyuanyuan','e61c17d643d325cd8de83c3d7c63aeea',0,NULL,NULL,NULL,0,'2017-06-09 00:00:00','2017-06-09 00:00:00'),(1972,2,30,0,'ZL00334','单小磊','shanxiaolei','e61c17d643d325cd8de83c3d7c63aeea',1,NULL,NULL,NULL,0,'2017-06-09 00:00:00','2017-06-09 00:00:00'),(1973,2,30,0,'ZL00313','赵兴华','zhaoxinghua','e61c17d643d325cd8de83c3d7c63aeea',0,NULL,NULL,NULL,0,'2017-06-09 00:00:00','2017-06-09 00:00:00'),(1974,2,30,0,'ZL00321','姜彬','jiangbin','e61c17d643d325cd8de83c3d7c63aeea',1,NULL,NULL,NULL,0,'2017-06-09 00:00:00','2017-06-09 00:00:00'),(1975,2,30,0,'ZL00375','钱亚清','qianyaqing','e61c17d643d325cd8de83c3d7c63aeea',0,NULL,NULL,NULL,0,'2017-06-09 00:00:00','2017-06-09 00:00:00'),(1976,2,30,0,'ZL00377','田丛','tiancong','e61c17d643d325cd8de83c3d7c63aeea',0,NULL,NULL,NULL,0,'2017-06-09 00:00:00','2017-06-09 00:00:00'),(1977,2,30,0,'ZL00254','姜梦飞','jiangmengfei','e61c17d643d325cd8de83c3d7c63aeea',0,NULL,NULL,NULL,0,'2017-06-09 00:00:00','2017-06-09 00:00:00'),(1978,2,30,0,'ZL00133','张瑞雪','zhangruixue','e61c17d643d325cd8de83c3d7c63aeea',0,NULL,NULL,NULL,0,'2017-06-09 00:00:00','2017-06-09 00:00:00'),(1979,2,30,0,'ZL00078','王海宁','wanghaining','e61c17d643d325cd8de83c3d7c63aeea',0,NULL,NULL,NULL,0,'2017-06-09 00:00:00','2017-06-09 00:00:00'),(1980,2,30,0,'ZL00521','范杉杉','fanshanshan','e61c17d643d325cd8de83c3d7c63aeea',0,NULL,NULL,NULL,0,'2017-06-09 00:00:00','2017-06-09 00:00:00'),(1981,2,30,0,'ZL00051','乔培','qiaopei','e61c17d643d325cd8de83c3d7c63aeea',0,NULL,NULL,NULL,0,'2017-06-09 00:00:00','2017-06-09 00:00:00'),(1982,2,30,0,'ZL00085','徐迎迎','xuyingying','e61c17d643d325cd8de83c3d7c63aeea',0,NULL,NULL,NULL,0,'2017-06-09 00:00:00','2017-06-09 00:00:00'),(1983,2,30,0,'ZL00138','苏海霞','suhaixia','e61c17d643d325cd8de83c3d7c63aeea',0,NULL,NULL,NULL,0,'2017-06-09 00:00:00','2017-06-09 00:00:00'),(1984,2,30,0,'ZL00154','杜硕','dushuo','e61c17d643d325cd8de83c3d7c63aeea',0,NULL,NULL,NULL,0,'2017-06-09 00:00:00','2017-06-09 00:00:00'),(1985,2,30,0,'ZL00188','尚重阳','shangchongyang','e61c17d643d325cd8de83c3d7c63aeea',1,NULL,NULL,NULL,0,'2017-06-09 00:00:00','2017-06-09 00:00:00'),(1986,2,30,0,'ZL00200','谷小云','guxiaoyun','e61c17d643d325cd8de83c3d7c63aeea',0,NULL,NULL,NULL,0,'2017-06-09 00:00:00','2017-06-09 00:00:00'),(1987,2,30,0,'ZL00225','明宏伟','minghongwei','e61c17d643d325cd8de83c3d7c63aeea',1,NULL,NULL,NULL,0,'2017-06-09 00:00:00','2017-06-09 00:00:00'),(1988,2,30,0,'ZL00184','单争','shanzheng','e61c17d643d325cd8de83c3d7c63aeea',0,NULL,NULL,NULL,0,'2017-06-09 00:00:00','2017-06-09 00:00:00'),(1989,2,30,0,'ZL00246','张倩','zhangqian','e61c17d643d325cd8de83c3d7c63aeea',0,NULL,NULL,NULL,0,'2017-06-09 00:00:00','2017-06-09 00:00:00'),(1990,2,30,0,'ZL00316','姚雪梅','yaoxuemei','e61c17d643d325cd8de83c3d7c63aeea',0,NULL,NULL,NULL,0,'2017-06-09 00:00:00','2017-06-09 00:00:00'),(1991,2,30,0,'ZL00523','韩硕','hanshuo','e61c17d643d325cd8de83c3d7c63aeea',0,NULL,NULL,NULL,0,'2017-06-09 00:00:00','2017-06-09 00:00:00'),(1992,2,30,0,'ZL00529','闫峰','yanfeng','e61c17d643d325cd8de83c3d7c63aeea',1,NULL,NULL,NULL,0,'2017-06-09 00:00:00','2017-06-09 00:00:00'),(1993,2,30,0,'ZL00536','王田甜','wangtiantian','e61c17d643d325cd8de83c3d7c63aeea',0,NULL,NULL,NULL,0,'2017-06-09 00:00:00','2017-06-09 00:00:00'),(1994,2,30,0,'ZL00569','王茂琦','wangmaoqi','e61c17d643d325cd8de83c3d7c63aeea',1,NULL,NULL,NULL,0,'2017-06-09 00:00:00','2017-06-09 00:00:00'),(1995,2,30,0,'ZL00049','黄彩燕','huangcaiyan','e61c17d643d325cd8de83c3d7c63aeea',0,NULL,NULL,NULL,0,'2017-06-09 00:00:00','2017-06-09 00:00:00'),(1996,2,30,0,'ZL00339','邵念念','shaoniannian','e61c17d643d325cd8de83c3d7c63aeea',0,NULL,NULL,NULL,0,'2017-06-09 00:00:00','2017-06-09 00:00:00'),(1997,2,30,0,'ZL00415','王迎','wangying','e61c17d643d325cd8de83c3d7c63aeea',0,NULL,NULL,NULL,0,'2017-06-09 00:00:00','2017-06-09 00:00:00'),(1998,2,30,0,'ZL00238','汤小营','tangxiaoying','e61c17d643d325cd8de83c3d7c63aeea',0,NULL,NULL,NULL,0,'2017-06-09 00:00:00','2017-06-09 00:00:00'),(1999,2,30,0,'ZL00084','黄哲鹏','huangzhepeng','e61c17d643d325cd8de83c3d7c63aeea',0,NULL,NULL,NULL,0,'2017-06-09 00:00:00','2017-06-09 00:00:00'),(2000,2,30,0,'ZL00062','马惠萍','mahuiping','e61c17d643d325cd8de83c3d7c63aeea',0,NULL,NULL,NULL,0,'2017-06-09 00:00:00','2017-06-09 00:00:00'),(2001,2,30,0,'ZL00163','王娜娜','wangnana','e61c17d643d325cd8de83c3d7c63aeea',0,NULL,NULL,NULL,0,'2017-06-09 00:00:00','2017-06-09 00:00:00'),(2002,2,30,0,'ZL00169','李俐','lili','e61c17d643d325cd8de83c3d7c63aeea',0,NULL,NULL,NULL,0,'2017-06-09 00:00:00','2017-06-09 00:00:00'),(2003,2,30,0,'ZL00181','王项丽','wangxiangli','e61c17d643d325cd8de83c3d7c63aeea',0,NULL,NULL,NULL,0,'2017-06-09 00:00:00','2017-06-09 00:00:00'),(2004,2,30,0,'ZL00269','马蕊迪','maruidi','e61c17d643d325cd8de83c3d7c63aeea',0,NULL,NULL,NULL,0,'2017-06-09 00:00:00','2017-06-09 00:00:00'),(2005,2,30,0,'ZL00294','高丹','gaodan','e61c17d643d325cd8de83c3d7c63aeea',0,NULL,NULL,NULL,0,'2017-06-09 00:00:00','2017-06-09 00:00:00'),(2006,2,30,0,'ZL00592','陈博','chenbo','e61c17d643d325cd8de83c3d7c63aeea',1,NULL,NULL,NULL,0,'2017-06-09 00:00:00','2017-06-09 00:00:00'),(2007,2,30,0,'ZL00319','于丽','yuli','e61c17d643d325cd8de83c3d7c63aeea',0,NULL,NULL,NULL,0,'2017-06-09 00:00:00','2017-06-09 00:00:00'),(2008,2,30,0,'ZL00595','方雪','fangxue','e61c17d643d325cd8de83c3d7c63aeea',0,NULL,NULL,NULL,0,'2017-06-09 00:00:00','2017-06-09 00:00:00'),(2009,2,30,0,'ZL00430','杨晓莉','yangxiaoli','e61c17d643d325cd8de83c3d7c63aeea',0,NULL,NULL,NULL,0,'2017-06-09 00:00:00','2017-06-09 00:00:00'),(2010,2,30,0,'ZL00092','张晶','zhangjing1','e61c17d643d325cd8de83c3d7c63aeea',0,NULL,NULL,NULL,0,'2017-06-09 00:00:00','2017-06-09 00:00:00'),(2011,2,30,0,'ZL00140','王晓晨','wangxiaochen','e61c17d643d325cd8de83c3d7c63aeea',0,NULL,NULL,NULL,0,'2017-06-09 00:00:00','2017-06-09 00:00:00'),(2012,2,30,0,'ZL00195','赵丹丹','zhaodandan','e61c17d643d325cd8de83c3d7c63aeea',0,NULL,NULL,NULL,0,'2017-06-09 00:00:00','2017-06-09 00:00:00'),(2013,2,30,0,'ZL00348','伊拓','yituo','e61c17d643d325cd8de83c3d7c63aeea',0,NULL,NULL,NULL,0,'2017-06-09 00:00:00','2017-06-09 00:00:00'),(2014,2,30,0,'ZL00408','赵彤彤','zhaotongtong','e61c17d643d325cd8de83c3d7c63aeea',0,NULL,NULL,NULL,0,'2017-06-09 00:00:00','2017-06-09 00:00:00'),(2015,2,30,0,'ZL00413','卫骅','weihua','e61c17d643d325cd8de83c3d7c63aeea',1,NULL,NULL,NULL,0,'2017-06-09 00:00:00','2017-06-09 00:00:00'),(2016,2,30,0,'ZL00414','刘静1','liujing','e61c17d643d325cd8de83c3d7c63aeea',0,NULL,NULL,NULL,0,'2017-06-09 00:00:00','2017-06-09 00:00:00'),(2017,2,30,0,'ZL00416','宗筱轶','zongxiaoyi','e61c17d643d325cd8de83c3d7c63aeea',0,NULL,NULL,NULL,0,'2017-06-09 00:00:00','2017-06-09 00:00:00'),(2018,2,30,0,'ZL00421','武立伟','wuliwei','e61c17d643d325cd8de83c3d7c63aeea',0,NULL,NULL,NULL,0,'2017-06-09 00:00:00','2017-06-09 00:00:00'),(2019,2,30,0,'ZL00382','李楠1','linan','e61c17d643d325cd8de83c3d7c63aeea',1,NULL,NULL,NULL,0,'2017-06-09 00:00:00','2017-06-09 00:00:00'),(2020,2,30,0,'ZL00389','艾春雪','aichunxue','e61c17d643d325cd8de83c3d7c63aeea',0,NULL,NULL,NULL,0,'2017-06-09 00:00:00','2017-06-09 00:00:00'),(2021,2,30,0,'ZL00390','邸淑青','dishuqing','e61c17d643d325cd8de83c3d7c63aeea',0,NULL,NULL,NULL,0,'2017-06-09 00:00:00','2017-06-09 00:00:00'),(2022,2,30,0,'ZL00385','梁君瑕','liangjunxia','e61c17d643d325cd8de83c3d7c63aeea',0,NULL,NULL,NULL,0,'2017-06-09 00:00:00','2017-06-09 00:00:00'),(2023,2,30,0,'ZL00387','侯荣荣','hourongrong','e61c17d643d325cd8de83c3d7c63aeea',0,NULL,NULL,NULL,0,'2017-06-09 00:00:00','2017-06-09 00:00:00'),(2024,2,30,0,'ZL00346','赵亚茹','zhaoyaru','e61c17d643d325cd8de83c3d7c63aeea',0,NULL,NULL,NULL,0,'2017-06-09 00:00:00','2017-06-09 00:00:00'),(2025,2,30,0,'ZL00315','安雪莲','anxuelian','e61c17d643d325cd8de83c3d7c63aeea',0,NULL,NULL,NULL,0,'2017-06-09 00:00:00','2017-06-09 00:00:00'),(2026,2,30,0,'ZL00047','郑晶晶','zhengjingjing','e61c17d643d325cd8de83c3d7c63aeea',0,NULL,NULL,NULL,0,'2017-06-09 00:00:00','2017-06-09 00:00:00'),(2027,2,30,0,'ZL00551','席泽邦','xizebang','e61c17d643d325cd8de83c3d7c63aeea',1,NULL,NULL,NULL,0,'2017-06-09 00:00:00','2017-06-09 00:00:00'),(2028,2,30,0,'ZL00549','王静1','wangjing','e61c17d643d325cd8de83c3d7c63aeea',0,NULL,NULL,NULL,0,'2017-06-09 00:00:00','2017-06-09 00:00:00'),(2029,2,30,0,'ZL00566','张俐','zhangli','e61c17d643d325cd8de83c3d7c63aeea',0,NULL,NULL,NULL,0,'2017-06-09 00:00:00','2017-06-09 00:00:00'),(2030,2,30,0,'ZL00198','程铁峥','chengtiezheng','e61c17d643d325cd8de83c3d7c63aeea',0,NULL,NULL,NULL,0,'2017-06-09 00:00:00','2017-06-09 00:00:00'),(2031,2,30,0,'ZL00214','马辉1','mahui1','e61c17d643d325cd8de83c3d7c63aeea',0,NULL,NULL,NULL,0,'2017-06-09 00:00:00','2017-06-09 00:00:00'),(2032,2,30,0,'ZL00274','林晓楠','linxiaonan','e61c17d643d325cd8de83c3d7c63aeea',0,NULL,NULL,NULL,0,'2017-06-09 00:00:00','2017-06-09 00:00:00'),(2033,2,30,0,'ZL00021','朱梦雅','zhumengya','e61c17d643d325cd8de83c3d7c63aeea',0,NULL,NULL,NULL,0,'2017-06-09 00:00:00','2017-06-09 00:00:00'),(2034,2,30,0,'ZL00123','袁旭','yuanxu','e61c17d643d325cd8de83c3d7c63aeea',1,NULL,NULL,NULL,0,'2017-06-09 00:00:00','2017-06-09 00:00:00'),(2035,2,30,0,'ZL00037','张淼','zhangmiao','e61c17d643d325cd8de83c3d7c63aeea',0,NULL,NULL,NULL,0,'2017-06-09 00:00:00','2017-06-09 00:00:00'),(2036,2,30,0,'ZL00054','钱丽丽','qianlili','e61c17d643d325cd8de83c3d7c63aeea',0,NULL,NULL,NULL,0,'2017-06-09 00:00:00','2017-06-09 00:00:00'),(2037,2,30,0,'ZL00109','吴容梅','wurongmei','e61c17d643d325cd8de83c3d7c63aeea',0,NULL,NULL,NULL,0,'2017-06-09 00:00:00','2017-06-09 00:00:00'),(2038,2,30,0,'ZL00055','崔秀丽','cuixiuli','e61c17d643d325cd8de83c3d7c63aeea',0,NULL,NULL,NULL,0,'2017-06-09 00:00:00','2017-06-09 00:00:00'),(2039,2,30,0,'ZL00104','田野','tianye','e61c17d643d325cd8de83c3d7c63aeea',1,NULL,NULL,NULL,0,'2017-06-09 00:00:00','2017-06-09 00:00:00'),(2040,2,30,0,'ZL00208','杨立佳','yanglijia','e61c17d643d325cd8de83c3d7c63aeea',1,NULL,NULL,NULL,0,'2017-06-09 00:00:00','2017-06-09 00:00:00'),(2041,2,30,0,'ZL00160','马月','mayue','e61c17d643d325cd8de83c3d7c63aeea',0,NULL,NULL,NULL,0,'2017-06-09 00:00:00','2017-06-09 00:00:00'),(2042,2,30,0,'ZL00192','巴明跃','bamingyue','e61c17d643d325cd8de83c3d7c63aeea',0,NULL,NULL,NULL,0,'2017-06-09 00:00:00','2017-06-09 00:00:00'),(2043,2,30,0,'ZL00209','贾立','jiali','e61c17d643d325cd8de83c3d7c63aeea',1,NULL,NULL,NULL,0,'2017-06-09 00:00:00','2017-06-09 00:00:00'),(2044,2,30,0,'ZL00213','周春楠','zhouchunnan','e61c17d643d325cd8de83c3d7c63aeea',0,NULL,NULL,NULL,0,'2017-06-09 00:00:00','2017-06-09 00:00:00'),(2045,2,30,0,'ZL00221','陈月','chenyue','e61c17d643d325cd8de83c3d7c63aeea',0,NULL,NULL,NULL,0,'2017-06-09 00:00:00','2017-06-09 00:00:00'),(2046,2,30,0,'ZL00043','杨雪','yangxue','e61c17d643d325cd8de83c3d7c63aeea',0,NULL,NULL,NULL,0,'2017-06-09 00:00:00','2017-06-09 00:00:00'),(2047,2,30,0,'ZL00264','马跃','mayue1','e61c17d643d325cd8de83c3d7c63aeea',1,NULL,NULL,NULL,0,'2017-06-09 00:00:00','2017-06-09 00:00:00'),(2048,2,30,0,'ZL00265','李果升','liguosheng','e61c17d643d325cd8de83c3d7c63aeea',1,NULL,NULL,NULL,0,'2017-06-09 00:00:00','2017-06-09 00:00:00'),(2049,2,30,0,'ZL00210','赵庆','zhaoqing','e61c17d643d325cd8de83c3d7c63aeea',1,NULL,NULL,NULL,0,'2017-06-09 00:00:00','2017-06-09 00:00:00'),(2050,2,30,0,'ZL00332','冯会强','fenghuiqiang','e61c17d643d325cd8de83c3d7c63aeea',1,NULL,NULL,NULL,0,'2017-06-09 00:00:00','2017-06-09 00:00:00'),(2051,2,30,0,'ZL00186','杨军','yangjun','e61c17d643d325cd8de83c3d7c63aeea',1,NULL,NULL,NULL,0,'2017-06-09 00:00:00','2017-06-09 00:00:00'),(2052,2,30,0,'ZL00428','南树梅','nanshumei','e61c17d643d325cd8de83c3d7c63aeea',0,NULL,NULL,NULL,0,'2017-06-09 00:00:00','2017-06-09 00:00:00'),(2053,2,30,0,'ZL00427','段倩兰','duanqianlan','e61c17d643d325cd8de83c3d7c63aeea',0,NULL,NULL,NULL,0,'2017-06-09 00:00:00','2017-06-09 00:00:00'),(2054,2,30,0,'ZL00064','朱攀','zhupan','e61c17d643d325cd8de83c3d7c63aeea',0,NULL,NULL,NULL,0,'2017-06-09 00:00:00','2017-06-09 00:00:00'),(2055,2,30,0,'ZL00284','赵丽娟','zhaolijuan','e61c17d643d325cd8de83c3d7c63aeea',0,NULL,NULL,NULL,0,'2017-06-09 00:00:00','2017-06-09 00:00:00'),(2056,2,30,0,'ZL00318','李亚娟','liyajuan','e61c17d643d325cd8de83c3d7c63aeea',0,NULL,NULL,NULL,0,'2017-06-09 00:00:00','2017-06-09 00:00:00'),(2057,2,30,0,'ZL00320','于小庆','yuxiaoqing','e61c17d643d325cd8de83c3d7c63aeea',0,NULL,NULL,NULL,0,'2017-06-09 00:00:00','2017-06-09 00:00:00'),(2058,2,30,0,'ZL00351','张俊瑞','zhangjunrui','e61c17d643d325cd8de83c3d7c63aeea',0,NULL,NULL,NULL,0,'2017-06-09 00:00:00','2017-06-09 00:00:00'),(2059,2,30,0,'ZL00331','罗扬托','luoyangtuo','e61c17d643d325cd8de83c3d7c63aeea',1,NULL,NULL,NULL,0,'2017-06-09 00:00:00','2017-06-09 00:00:00'),(2060,2,30,0,'ZL00236','林建青','linjianqing','e61c17d643d325cd8de83c3d7c63aeea',0,NULL,NULL,NULL,0,'2017-06-09 00:00:00','2017-06-09 00:00:00'),(2061,2,30,0,'ZL00187','王艳华','wangyanhua','e61c17d643d325cd8de83c3d7c63aeea',0,NULL,NULL,NULL,0,'2017-06-09 00:00:00','2017-06-09 00:00:00'),(2062,2,30,0,'ZL00032','石文','shiwen','e61c17d643d325cd8de83c3d7c63aeea',0,NULL,NULL,NULL,0,'2017-06-09 00:00:00','2017-06-09 00:00:00'),(2063,2,30,0,'ZL00028','高亚飞','gaoyafei','e61c17d643d325cd8de83c3d7c63aeea',0,NULL,NULL,NULL,0,'2017-06-09 00:00:00','2017-06-09 00:00:00'),(2064,2,30,0,'ZL00103','刘宇','liuyu','e61c17d643d325cd8de83c3d7c63aeea',1,NULL,NULL,NULL,0,'2017-06-09 00:00:00','2017-06-09 00:00:00'),(2065,2,30,0,'ZL00122','朱立影','zhuliying','e61c17d643d325cd8de83c3d7c63aeea',0,NULL,NULL,NULL,0,'2017-06-09 00:00:00','2017-06-09 00:00:00'),(2066,2,30,0,'ZL00118','焦峰娟','jiaofengjuan','e61c17d643d325cd8de83c3d7c63aeea',0,NULL,NULL,NULL,0,'2017-06-09 00:00:00','2017-06-09 00:00:00'),(2067,2,30,0,'ZL00224','赵静','zhaojing','e61c17d643d325cd8de83c3d7c63aeea',0,NULL,NULL,NULL,0,'2017-06-09 00:00:00','2017-06-09 00:00:00'),(2068,2,30,0,'ZL00100','李海凤','lihaifeng','e61c17d643d325cd8de83c3d7c63aeea',0,NULL,NULL,NULL,0,'2017-06-09 00:00:00','2017-06-09 00:00:00'),(2069,2,30,0,'ZL00134','金玲','jinling','e61c17d643d325cd8de83c3d7c63aeea',0,NULL,NULL,NULL,0,'2017-06-09 00:00:00','2017-06-09 00:00:00'),(2070,2,30,0,'ZL00211','李炎昊','liyanhao','e61c17d643d325cd8de83c3d7c63aeea',1,NULL,NULL,NULL,0,'2017-06-09 00:00:00','2017-06-09 00:00:00'),(2071,2,30,0,'ZL00380','石京焱','shijingyan','e61c17d643d325cd8de83c3d7c63aeea',0,NULL,NULL,NULL,0,'2017-06-09 00:00:00','2017-06-09 00:00:00'),(2072,2,30,0,'ZL00217','张会珠','zhanghuizhu','e61c17d643d325cd8de83c3d7c63aeea',0,NULL,NULL,NULL,0,'2017-06-09 00:00:00','2017-06-09 00:00:00'),(2073,2,30,0,'ZL00029','王利文','wangliwen','e61c17d643d325cd8de83c3d7c63aeea',1,NULL,NULL,NULL,0,'2017-06-09 00:00:00','2017-06-09 00:00:00'),(2074,2,30,0,'ZL00113','杨娜','yangna','e61c17d643d325cd8de83c3d7c63aeea',0,NULL,NULL,NULL,0,'2017-06-09 00:00:00','2017-06-09 00:00:00'),(2075,2,30,0,'ZL00177','王雪洁','wangxuejie','e61c17d643d325cd8de83c3d7c63aeea',0,NULL,NULL,NULL,0,'2017-06-09 00:00:00','2017-06-09 00:00:00'),(2076,2,30,0,'ZL00223','齐海婷','qihaiting','e61c17d643d325cd8de83c3d7c63aeea',0,NULL,NULL,NULL,0,'2017-06-09 00:00:00','2017-06-09 00:00:00'),(2077,2,30,0,'ZL00142','杨欢','yanghuan','e61c17d643d325cd8de83c3d7c63aeea',0,NULL,NULL,NULL,0,'2017-06-09 00:00:00','2017-06-09 00:00:00'),(2078,2,30,0,'ZL00237','张秋侠','zhangqiuxia','e61c17d643d325cd8de83c3d7c63aeea',0,NULL,NULL,NULL,0,'2017-06-09 00:00:00','2017-06-09 00:00:00'),(2079,2,30,0,'ZL00220','邱爽','qiushuang','e61c17d643d325cd8de83c3d7c63aeea',0,NULL,NULL,NULL,0,'2017-06-09 00:00:00','2017-06-09 00:00:00'),(2080,2,30,0,'ZL00034','王春艳','wangchunyan','e61c17d643d325cd8de83c3d7c63aeea',0,NULL,NULL,NULL,0,'2017-06-09 00:00:00','2017-06-09 00:00:00'),(2081,2,30,0,'ZL00025','贾露艳','jialuyan','e61c17d643d325cd8de83c3d7c63aeea',0,NULL,NULL,NULL,0,'2017-06-09 00:00:00','2017-06-09 00:00:00'),(2082,2,30,0,'ZL00137','刘美玲','liumeiling','e61c17d643d325cd8de83c3d7c63aeea',0,NULL,NULL,NULL,0,'2017-06-09 00:00:00','2017-06-09 00:00:00'),(2083,2,30,0,'ZL00135','李晓俊','lixiaojun','e61c17d643d325cd8de83c3d7c63aeea',0,NULL,NULL,NULL,0,'2017-06-09 00:00:00','2017-06-09 00:00:00'),(2084,2,30,0,'ZL00268','纪雪君','jixuejun','e61c17d643d325cd8de83c3d7c63aeea',0,NULL,NULL,NULL,0,'2017-06-09 00:00:00','2017-06-09 00:00:00'),(2085,2,30,0,'ZL00226','田艳国','tianyanguo','e61c17d643d325cd8de83c3d7c63aeea',1,NULL,NULL,NULL,0,'2017-06-09 00:00:00','2017-06-09 00:00:00'),(2086,2,30,0,'ZL00325','黄玉洁','huangyujie','e61c17d643d325cd8de83c3d7c63aeea',0,NULL,NULL,NULL,0,'2017-06-09 00:00:00','2017-06-09 00:00:00'),(2087,2,30,0,'ZL00342','成士伟','chengshiwei','e61c17d643d325cd8de83c3d7c63aeea',0,NULL,NULL,NULL,0,'2017-06-09 00:00:00','2017-06-09 00:00:00'),(2088,2,30,0,'ZL00105','张旭','zhangxu','e61c17d643d325cd8de83c3d7c63aeea',1,NULL,NULL,NULL,0,'2017-06-09 00:00:00','2017-06-09 00:00:00'),(2089,2,30,0,'ZL00180','郭薇薇','guoweiwei','e61c17d643d325cd8de83c3d7c63aeea',0,NULL,NULL,NULL,0,'2017-06-09 00:00:00','2017-06-09 00:00:00'),(2090,2,30,0,'ZL00053','卜红','bohong','e61c17d643d325cd8de83c3d7c63aeea',0,NULL,NULL,NULL,0,'2017-06-09 00:00:00','2017-06-09 00:00:00'),(2091,2,30,0,'ZL00050','李艳杰','liyanjie','e61c17d643d325cd8de83c3d7c63aeea',0,NULL,NULL,NULL,0,'2017-06-09 00:00:00','2017-06-09 00:00:00'),(2092,2,30,0,'ZL00074','翟凤','zhaifeng','e61c17d643d325cd8de83c3d7c63aeea',0,NULL,NULL,NULL,0,'2017-06-09 00:00:00','2017-06-09 00:00:00'),(2093,2,30,0,'ZL00202','燕丽娟','yanlijuan','e61c17d643d325cd8de83c3d7c63aeea',0,NULL,NULL,NULL,0,'2017-06-09 00:00:00','2017-06-09 00:00:00'),(2094,2,30,0,'ZL00291','王龙梅','wanglongmei','e61c17d643d325cd8de83c3d7c63aeea',0,NULL,NULL,NULL,0,'2017-06-09 00:00:00','2017-06-09 00:00:00'),(2095,2,30,0,'ZL00239','燕曌磊','yanzhaolei','e61c17d643d325cd8de83c3d7c63aeea',0,NULL,NULL,NULL,0,'2017-06-09 00:00:00','2017-06-09 00:00:00'),(2096,2,30,0,'ZL00441','刘辉','liuhui','e61c17d643d325cd8de83c3d7c63aeea',1,NULL,NULL,NULL,0,'2017-06-09 00:00:00','2017-06-09 00:00:00'),(2097,2,30,0,'ZL00250','黄帅','huangshuai','e61c17d643d325cd8de83c3d7c63aeea',1,NULL,NULL,NULL,0,'2017-06-09 00:00:00','2017-06-09 00:00:00'),(2098,2,30,0,'ZL00304','丁诗郎','dingshilang','e61c17d643d325cd8de83c3d7c63aeea',1,NULL,NULL,NULL,0,'2017-06-09 00:00:00','2017-06-09 00:00:00'),(2099,2,30,0,'ZL00311','宋涛1','songtao1','e61c17d643d325cd8de83c3d7c63aeea',1,NULL,NULL,NULL,0,'2017-06-09 00:00:00','2017-06-09 00:00:00'),(2100,2,30,0,'ZL00066','邹水华','zoushuihua','e61c17d643d325cd8de83c3d7c63aeea',1,NULL,NULL,NULL,0,'2017-06-09 00:00:00','2017-06-09 00:00:00'),(2101,2,30,0,'ZL00143','黄倩虹','huangqianhong','e61c17d643d325cd8de83c3d7c63aeea',0,NULL,NULL,NULL,0,'2017-06-09 00:00:00','2017-06-09 00:00:00'),(2102,2,30,0,'ZL00216','王东林','wangdonglin','e61c17d643d325cd8de83c3d7c63aeea',0,NULL,NULL,NULL,0,'2017-06-09 00:00:00','2017-06-09 00:00:00'),(2103,2,30,0,'ZL00222','高静静','gaojingjing','e61c17d643d325cd8de83c3d7c63aeea',0,NULL,NULL,NULL,0,'2017-06-09 00:00:00','2017-06-09 00:00:00'),(2104,2,30,0,'ZL00197','谢园园','xieyuanyuan','e61c17d643d325cd8de83c3d7c63aeea',0,NULL,NULL,NULL,0,'2017-06-09 00:00:00','2017-06-09 00:00:00'),(2105,2,30,0,'ZL00293','张鹏飞','zhangpengfei','e61c17d643d325cd8de83c3d7c63aeea',0,NULL,NULL,NULL,0,'2017-06-09 00:00:00','2017-06-09 00:00:00'),(2106,2,30,0,'ZL00287','林飞','linfei','e61c17d643d325cd8de83c3d7c63aeea',0,NULL,NULL,NULL,0,'2017-06-09 00:00:00','2017-06-09 00:00:00'),(2107,2,30,0,'ZL00386','孙丽姣','sunlijiao','e61c17d643d325cd8de83c3d7c63aeea',0,NULL,NULL,NULL,0,'2017-06-09 00:00:00','2017-06-09 00:00:00'),(2108,2,30,0,'ZL00057','彭蕊','pengrui','e61c17d643d325cd8de83c3d7c63aeea',0,NULL,NULL,NULL,0,'2017-06-09 00:00:00','2017-06-09 00:00:00'),(2109,2,30,0,'ZL00067','杨建英','yangjianying','e61c17d643d325cd8de83c3d7c63aeea',0,NULL,NULL,NULL,0,'2017-06-09 00:00:00','2017-06-09 00:00:00'),(2110,2,30,0,'ZL00158','杨丽君','yanglijun','e61c17d643d325cd8de83c3d7c63aeea',0,NULL,NULL,NULL,0,'2017-06-09 00:00:00','2017-06-09 00:00:00'),(2111,2,30,0,'ZL00166','杨兴娟','yangxingjuan','e61c17d643d325cd8de83c3d7c63aeea',0,NULL,NULL,NULL,0,'2017-06-09 00:00:00','2017-06-09 00:00:00'),(2112,2,30,0,'ZL00111','李富利','lifuli','e61c17d643d325cd8de83c3d7c63aeea',1,NULL,NULL,NULL,0,'2017-06-09 00:00:00','2017-06-09 00:00:00'),(2113,2,30,0,'ZL00088','陈颖','chenying','e61c17d643d325cd8de83c3d7c63aeea',0,NULL,NULL,NULL,0,'2017-06-09 00:00:00','2017-06-09 00:00:00'),(2114,2,30,0,'ZL00218','庞文静','pangwenjing','e61c17d643d325cd8de83c3d7c63aeea',0,NULL,NULL,NULL,0,'2017-06-09 00:00:00','2017-06-09 00:00:00'),(2115,2,30,0,'ZL00275','崔丛','cuicong','e61c17d643d325cd8de83c3d7c63aeea',0,NULL,NULL,NULL,0,'2017-06-09 00:00:00','2017-06-09 00:00:00'),(2116,2,30,0,'ZL00175','宋旋','songxuan','e61c17d643d325cd8de83c3d7c63aeea',0,NULL,NULL,NULL,0,'2017-06-09 00:00:00','2017-06-09 00:00:00'),(2117,2,30,0,'ZL00090','姚佳','yaojia','e61c17d643d325cd8de83c3d7c63aeea',0,NULL,NULL,NULL,0,'2017-06-09 00:00:00','2017-06-09 00:00:00'),(2118,2,30,0,'ZL00045','鲍利伟','baoliwei','e61c17d643d325cd8de83c3d7c63aeea',0,NULL,NULL,NULL,0,'2017-06-09 00:00:00','2017-06-09 00:00:00'),(2119,2,30,0,'ZL00095','刘晓丽','liuxiaoli','e61c17d643d325cd8de83c3d7c63aeea',0,NULL,NULL,NULL,0,'2017-06-09 00:00:00','2017-06-09 00:00:00'),(2120,2,30,0,'ZL00183','于晓雷','yuxiaolei','e61c17d643d325cd8de83c3d7c63aeea',0,NULL,NULL,NULL,0,'2017-06-09 00:00:00','2017-06-09 00:00:00'),(2121,2,30,0,'ZL00337','张晶晶','zhangjingjing','e61c17d643d325cd8de83c3d7c63aeea',0,NULL,NULL,NULL,0,'2017-06-09 00:00:00','2017-06-09 00:00:00'),(2122,2,30,0,'ZL00442','汪瑞娟','wangruijuan','e61c17d643d325cd8de83c3d7c63aeea',0,NULL,NULL,NULL,0,'2017-06-09 00:00:00','2017-06-09 00:00:00'),(2123,2,30,0,'ZL00338','刘久春','liujiuchun','e61c17d643d325cd8de83c3d7c63aeea',1,NULL,NULL,NULL,0,'2017-06-09 00:00:00','2017-06-09 00:00:00'),(2124,2,30,0,'ZL00309','齐涛','qitao','e61c17d643d325cd8de83c3d7c63aeea',1,NULL,NULL,NULL,0,'2017-06-09 00:00:00','2017-06-09 00:00:00'),(2125,2,30,0,'ZL00285','鲁雪莹','luxueying','e61c17d643d325cd8de83c3d7c63aeea',0,NULL,NULL,NULL,0,'2017-06-09 00:00:00','2017-06-09 00:00:00'),(2126,2,30,0,'ZL00302','史建华','shijianhua','e61c17d643d325cd8de83c3d7c63aeea',0,NULL,NULL,NULL,0,'2017-06-09 00:00:00','2017-06-09 00:00:00'),(2127,2,30,0,'ZL00333','裴帆','peifan','e61c17d643d325cd8de83c3d7c63aeea',0,NULL,NULL,NULL,0,'2017-06-09 00:00:00','2017-06-09 00:00:00'),(2128,2,30,0,'ZL00305','韩永伟','hanyongwei','e61c17d643d325cd8de83c3d7c63aeea',1,NULL,NULL,NULL,0,'2017-06-09 00:00:00','2017-06-09 00:00:00'),(2129,2,30,0,'ZL00360','王淼','wangmiao','e61c17d643d325cd8de83c3d7c63aeea',0,NULL,NULL,NULL,0,'2017-06-09 00:00:00','2017-06-09 00:00:00'),(2130,2,30,0,'ZL00362','邢玉凤','xingyufeng','e61c17d643d325cd8de83c3d7c63aeea',0,NULL,NULL,NULL,0,'2017-06-09 00:00:00','2017-06-09 00:00:00'),(2131,2,30,0,'ZL00347','李红贤','lihongxian','e61c17d643d325cd8de83c3d7c63aeea',0,NULL,NULL,NULL,0,'2017-06-09 00:00:00','2017-06-09 00:00:00'),(2132,2,30,0,'ZL00352','孙可心','sunkexin','e61c17d643d325cd8de83c3d7c63aeea',0,NULL,NULL,NULL,0,'2017-06-09 00:00:00','2017-06-09 00:00:00'),(2133,2,30,0,'ZL00599','王晴','wangqing','e61c17d643d325cd8de83c3d7c63aeea',0,NULL,NULL,NULL,0,'2017-06-09 00:00:00','2017-06-09 00:00:00'),(2134,2,30,0,'ZL00148','王春梅','wangchunmei','e61c17d643d325cd8de83c3d7c63aeea',0,NULL,NULL,NULL,0,'2017-06-09 00:00:00','2017-06-09 00:00:00'),(2135,2,30,0,'ZL00327','陈静雯','chenjingwen','e61c17d643d325cd8de83c3d7c63aeea',0,NULL,NULL,NULL,0,'2017-06-09 00:00:00','2017-06-09 00:00:00');

/*Table structure for table `pms_employee_salary` */

DROP TABLE IF EXISTS `pms_employee_salary`;

CREATE TABLE `pms_employee_salary` (
  `id` bigint(20) unsigned NOT NULL AUTO_INCREMENT,
  `create_date` date NOT NULL,
  `work_day` smallint(6) unsigned NOT NULL,
  `approval_status` tinyint(3) unsigned NOT NULL,
  `salary` decimal(10,2) unsigned NOT NULL,
  `social_security` decimal(10,2) unsigned NOT NULL,
  `compensation_salary` decimal(10,2) unsigned NOT NULL,
  `labor_union_salary` decimal(10,2) unsigned NOT NULL,
  PRIMARY KEY (`id`)
) ENGINE=InnoDB AUTO_INCREMENT=3 DEFAULT CHARSET=utf8;

/*Data for the table `pms_employee_salary` */

insert  into `pms_employee_salary`(`id`,`create_date`,`work_day`,`approval_status`,`salary`,`social_security`,`compensation_salary`,`labor_union_salary`) values (2,'2017-06-01',19,2,'1527957.00','303898.00','1887.00','30559.14');

/*Table structure for table `pms_employee_salary_detail` */

DROP TABLE IF EXISTS `pms_employee_salary_detail`;

CREATE TABLE `pms_employee_salary_detail` (
  `id` bigint(20) unsigned NOT NULL AUTO_INCREMENT,
  `employee_salary_id` bigint(20) unsigned NOT NULL,
  `employee_code` varchar(20) NOT NULL,
  `monthly_salary` varchar(100) NOT NULL,
  `social_security` varchar(100) NOT NULL,
  `labor_union_salary` varchar(100) NOT NULL,
  `hourly_salary` varchar(100) NOT NULL,
  `compensation_salary` varchar(100) NOT NULL,
  PRIMARY KEY (`id`)
) ENGINE=InnoDB AUTO_INCREMENT=203 DEFAULT CHARSET=utf8;

/*Data for the table `pms_employee_salary_detail` */

insert  into `pms_employee_salary_detail`(`id`,`employee_salary_id`,`employee_code`,`monthly_salary`,`social_security`,`labor_union_salary`,`hourly_salary`,`compensation_salary`) values (102,2,'ZJ00005','99B62F5662C4DF2AE3BCC48F205454B6','99EF532018BB1B6814B8B76C8DB1B64E','0F1E2156EF6D78530E9471020FC305FD','17E8D7510C62FC1AF65F08D9CFFB9289FB64CFD8E7461D78CF009446019102FB','EDFB801DA69FCFCCA20D3D57098E9F0A'),(103,2,'ZJ00947','99B62F5662C4DF2AE3BCC48F205454B6','99EF532018BB1B6814B8B76C8DB1B64E','0F1E2156EF6D78530E9471020FC305FD','17E8D7510C62FC1AF65F08D9CFFB9289FB64CFD8E7461D78CF009446019102FB','DDF1862055BD6F2BE82FFB71BBD8A291'),(104,2,'ZJ00998','99B62F5662C4DF2AE3BCC48F205454B6','99EF532018BB1B6814B8B76C8DB1B64E','0F1E2156EF6D78530E9471020FC305FD','17E8D7510C62FC1AF65F08D9CFFB9289FB64CFD8E7461D78CF009446019102FB','EDFB801DA69FCFCCA20D3D57098E9F0A'),(105,2,'ZJ00023','99B62F5662C4DF2AE3BCC48F205454B6','99EF532018BB1B6814B8B76C8DB1B64E','0F1E2156EF6D78530E9471020FC305FD','17E8D7510C62FC1AF65F08D9CFFB9289FB64CFD8E7461D78CF009446019102FB','EDFB801DA69FCFCCA20D3D57098E9F0A'),(106,2,'ZJ00156','99B62F5662C4DF2AE3BCC48F205454B6','43A819954C04AFBE588C709DB0568495','0F1E2156EF6D78530E9471020FC305FD','6116DBDAE764512A28787E4191987FA892B16DBD567D0B8BEF21146D6339FA90','EDFB801DA69FCFCCA20D3D57098E9F0A'),(107,2,'ZJ04715','99B62F5662C4DF2AE3BCC48F205454B6','99EF532018BB1B6814B8B76C8DB1B64E','0F1E2156EF6D78530E9471020FC305FD','17E8D7510C62FC1AF65F08D9CFFB9289FB64CFD8E7461D78CF009446019102FB','EDFB801DA69FCFCCA20D3D57098E9F0A'),(108,2,'ZJ00019','99B62F5662C4DF2AE3BCC48F205454B6','99EF532018BB1B6814B8B76C8DB1B64E','0F1E2156EF6D78530E9471020FC305FD','17E8D7510C62FC1AF65F08D9CFFB9289FB64CFD8E7461D78CF009446019102FB','EDFB801DA69FCFCCA20D3D57098E9F0A'),(109,2,'ZJ04413','99B62F5662C4DF2AE3BCC48F205454B6','99EF532018BB1B6814B8B76C8DB1B64E','0F1E2156EF6D78530E9471020FC305FD','17E8D7510C62FC1AF65F08D9CFFB9289FB64CFD8E7461D78CF009446019102FB','25A498CBF3F95D2940D531E3C045DA23'),(110,2,'ZJ00110','99B62F5662C4DF2AE3BCC48F205454B6','99EF532018BB1B6814B8B76C8DB1B64E','0F1E2156EF6D78530E9471020FC305FD','17E8D7510C62FC1AF65F08D9CFFB9289FB64CFD8E7461D78CF009446019102FB','EDFB801DA69FCFCCA20D3D57098E9F0A'),(111,2,'ZJ00016','99B62F5662C4DF2AE3BCC48F205454B6','99EF532018BB1B6814B8B76C8DB1B64E','0F1E2156EF6D78530E9471020FC305FD','17E8D7510C62FC1AF65F08D9CFFB9289FB64CFD8E7461D78CF009446019102FB','EDFB801DA69FCFCCA20D3D57098E9F0A'),(112,2,'ZJ00020','99B62F5662C4DF2AE3BCC48F205454B6','99EF532018BB1B6814B8B76C8DB1B64E','0F1E2156EF6D78530E9471020FC305FD','17E8D7510C62FC1AF65F08D9CFFB9289FB64CFD8E7461D78CF009446019102FB','EDFB801DA69FCFCCA20D3D57098E9F0A'),(113,2,'ZJ00022','99B62F5662C4DF2AE3BCC48F205454B6','99EF532018BB1B6814B8B76C8DB1B64E','0F1E2156EF6D78530E9471020FC305FD','17E8D7510C62FC1AF65F08D9CFFB9289FB64CFD8E7461D78CF009446019102FB','EDFB801DA69FCFCCA20D3D57098E9F0A'),(114,2,'ZJ01447','99B62F5662C4DF2AE3BCC48F205454B6','99EF532018BB1B6814B8B76C8DB1B64E','0F1E2156EF6D78530E9471020FC305FD','17E8D7510C62FC1AF65F08D9CFFB9289FB64CFD8E7461D78CF009446019102FB','C7CF4CB2A08E8200AB611AC434E87C62'),(115,2,'ZJ01735','99B62F5662C4DF2AE3BCC48F205454B6','672BE200381788F9175022BFD0FC7834','0F1E2156EF6D78530E9471020FC305FD','7820B37F061680513A193B67CA4FE0BC2155D2DC0DE31D5E24EDF5FC978DE9D4','EDFB801DA69FCFCCA20D3D57098E9F0A'),(116,2,'ZJ01734','99B62F5662C4DF2AE3BCC48F205454B6','99EF532018BB1B6814B8B76C8DB1B64E','0F1E2156EF6D78530E9471020FC305FD','17E8D7510C62FC1AF65F08D9CFFB9289FB64CFD8E7461D78CF009446019102FB','EDFB801DA69FCFCCA20D3D57098E9F0A'),(117,2,'ZJ04392','99B62F5662C4DF2AE3BCC48F205454B6','99EF532018BB1B6814B8B76C8DB1B64E','0F1E2156EF6D78530E9471020FC305FD','17E8D7510C62FC1AF65F08D9CFFB9289FB64CFD8E7461D78CF009446019102FB','EDFB801DA69FCFCCA20D3D57098E9F0A'),(118,2,'ZJ02764','99B62F5662C4DF2AE3BCC48F205454B6','99EF532018BB1B6814B8B76C8DB1B64E','0F1E2156EF6D78530E9471020FC305FD','17E8D7510C62FC1AF65F08D9CFFB9289FB64CFD8E7461D78CF009446019102FB','D6E35B7F83DD8DF35FA0698AC5CADF49'),(119,2,'ZJ04043','03A1BD471C469A005F1B78F5DAD220E0','99EF532018BB1B6814B8B76C8DB1B64E','715F74933B2B399245997852A1383151','970C05C545944A6CB4F9E6E822584FA9598D0DD392EED3C82DE5146AF7760B90','EDFB801DA69FCFCCA20D3D57098E9F0A'),(120,2,'ZJ01479','99B62F5662C4DF2AE3BCC48F205454B6','99EF532018BB1B6814B8B76C8DB1B64E','0F1E2156EF6D78530E9471020FC305FD','17E8D7510C62FC1AF65F08D9CFFB9289FB64CFD8E7461D78CF009446019102FB','EDFB801DA69FCFCCA20D3D57098E9F0A'),(121,2,'ZJ01874','99B62F5662C4DF2AE3BCC48F205454B6','99EF532018BB1B6814B8B76C8DB1B64E','0F1E2156EF6D78530E9471020FC305FD','17E8D7510C62FC1AF65F08D9CFFB9289FB64CFD8E7461D78CF009446019102FB','EDFB801DA69FCFCCA20D3D57098E9F0A'),(122,2,'ZJ05017','99B62F5662C4DF2AE3BCC48F205454B6','99EF532018BB1B6814B8B76C8DB1B64E','0F1E2156EF6D78530E9471020FC305FD','17E8D7510C62FC1AF65F08D9CFFB9289FB64CFD8E7461D78CF009446019102FB','EDFB801DA69FCFCCA20D3D57098E9F0A'),(123,2,'ZJ03488','99B62F5662C4DF2AE3BCC48F205454B6','99EF532018BB1B6814B8B76C8DB1B64E','0F1E2156EF6D78530E9471020FC305FD','17E8D7510C62FC1AF65F08D9CFFB9289FB64CFD8E7461D78CF009446019102FB','EDFB801DA69FCFCCA20D3D57098E9F0A'),(124,2,'ZJ01727','99B62F5662C4DF2AE3BCC48F205454B6','99EF532018BB1B6814B8B76C8DB1B64E','0F1E2156EF6D78530E9471020FC305FD','17E8D7510C62FC1AF65F08D9CFFB9289FB64CFD8E7461D78CF009446019102FB','EDFB801DA69FCFCCA20D3D57098E9F0A'),(125,2,'ZJ03746','99B62F5662C4DF2AE3BCC48F205454B6','99EF532018BB1B6814B8B76C8DB1B64E','0F1E2156EF6D78530E9471020FC305FD','17E8D7510C62FC1AF65F08D9CFFB9289FB64CFD8E7461D78CF009446019102FB','EDFB801DA69FCFCCA20D3D57098E9F0A'),(126,2,'ZJ01009','99B62F5662C4DF2AE3BCC48F205454B6','99EF532018BB1B6814B8B76C8DB1B64E','0F1E2156EF6D78530E9471020FC305FD','17E8D7510C62FC1AF65F08D9CFFB9289FB64CFD8E7461D78CF009446019102FB','EDFB801DA69FCFCCA20D3D57098E9F0A'),(127,2,'ZJ02511','99B62F5662C4DF2AE3BCC48F205454B6','99EF532018BB1B6814B8B76C8DB1B64E','0F1E2156EF6D78530E9471020FC305FD','17E8D7510C62FC1AF65F08D9CFFB9289FB64CFD8E7461D78CF009446019102FB','EDFB801DA69FCFCCA20D3D57098E9F0A'),(128,2,'ZJ02691','99B62F5662C4DF2AE3BCC48F205454B6','99EF532018BB1B6814B8B76C8DB1B64E','0F1E2156EF6D78530E9471020FC305FD','17E8D7510C62FC1AF65F08D9CFFB9289FB64CFD8E7461D78CF009446019102FB','EDFB801DA69FCFCCA20D3D57098E9F0A'),(129,2,'ZJ01812','99B62F5662C4DF2AE3BCC48F205454B6','99EF532018BB1B6814B8B76C8DB1B64E','0F1E2156EF6D78530E9471020FC305FD','17E8D7510C62FC1AF65F08D9CFFB9289FB64CFD8E7461D78CF009446019102FB','EDFB801DA69FCFCCA20D3D57098E9F0A'),(130,2,'ZJ02173','99B62F5662C4DF2AE3BCC48F205454B6','99EF532018BB1B6814B8B76C8DB1B64E','0F1E2156EF6D78530E9471020FC305FD','17E8D7510C62FC1AF65F08D9CFFB9289FB64CFD8E7461D78CF009446019102FB','EDFB801DA69FCFCCA20D3D57098E9F0A'),(131,2,'ZJ03712','99B62F5662C4DF2AE3BCC48F205454B6','99EF532018BB1B6814B8B76C8DB1B64E','0F1E2156EF6D78530E9471020FC305FD','17E8D7510C62FC1AF65F08D9CFFB9289FB64CFD8E7461D78CF009446019102FB','EDFB801DA69FCFCCA20D3D57098E9F0A'),(132,2,'ZJ04395','99B62F5662C4DF2AE3BCC48F205454B6','99EF532018BB1B6814B8B76C8DB1B64E','0F1E2156EF6D78530E9471020FC305FD','17E8D7510C62FC1AF65F08D9CFFB9289FB64CFD8E7461D78CF009446019102FB','EDFB801DA69FCFCCA20D3D57098E9F0A'),(133,2,'ZJ04576','99B62F5662C4DF2AE3BCC48F205454B6','99EF532018BB1B6814B8B76C8DB1B64E','0F1E2156EF6D78530E9471020FC305FD','17E8D7510C62FC1AF65F08D9CFFB9289FB64CFD8E7461D78CF009446019102FB','EDFB801DA69FCFCCA20D3D57098E9F0A'),(134,2,'ZJ04564','99B62F5662C4DF2AE3BCC48F205454B6','99EF532018BB1B6814B8B76C8DB1B64E','0F1E2156EF6D78530E9471020FC305FD','17E8D7510C62FC1AF65F08D9CFFB9289FB64CFD8E7461D78CF009446019102FB','EDFB801DA69FCFCCA20D3D57098E9F0A'),(135,2,'TP00001','99B62F5662C4DF2AE3BCC48F205454B6','99EF532018BB1B6814B8B76C8DB1B64E','0F1E2156EF6D78530E9471020FC305FD','17E8D7510C62FC1AF65F08D9CFFB9289FB64CFD8E7461D78CF009446019102FB','EDFB801DA69FCFCCA20D3D57098E9F0A'),(136,2,'ZJ05022','99B62F5662C4DF2AE3BCC48F205454B6','99EF532018BB1B6814B8B76C8DB1B64E','0F1E2156EF6D78530E9471020FC305FD','17E8D7510C62FC1AF65F08D9CFFB9289FB64CFD8E7461D78CF009446019102FB','EDFB801DA69FCFCCA20D3D57098E9F0A'),(137,2,'ZJ04037','03A1BD471C469A005F1B78F5DAD220E0','99EF532018BB1B6814B8B76C8DB1B64E','715F74933B2B399245997852A1383151','970C05C545944A6CB4F9E6E822584FA9598D0DD392EED3C82DE5146AF7760B90','EDFB801DA69FCFCCA20D3D57098E9F0A'),(138,2,'ZJ04577','99B62F5662C4DF2AE3BCC48F205454B6','99EF532018BB1B6814B8B76C8DB1B64E','0F1E2156EF6D78530E9471020FC305FD','17E8D7510C62FC1AF65F08D9CFFB9289FB64CFD8E7461D78CF009446019102FB','EDFB801DA69FCFCCA20D3D57098E9F0A'),(139,2,'TP00002','99B62F5662C4DF2AE3BCC48F205454B6','99EF532018BB1B6814B8B76C8DB1B64E','0F1E2156EF6D78530E9471020FC305FD','17E8D7510C62FC1AF65F08D9CFFB9289FB64CFD8E7461D78CF009446019102FB','EDFB801DA69FCFCCA20D3D57098E9F0A'),(140,2,'ZJ05024','99B62F5662C4DF2AE3BCC48F205454B6','99EF532018BB1B6814B8B76C8DB1B64E','0F1E2156EF6D78530E9471020FC305FD','17E8D7510C62FC1AF65F08D9CFFB9289FB64CFD8E7461D78CF009446019102FB','EDFB801DA69FCFCCA20D3D57098E9F0A'),(141,2,'ZJ04048','99B62F5662C4DF2AE3BCC48F205454B6','99EF532018BB1B6814B8B76C8DB1B64E','0F1E2156EF6D78530E9471020FC305FD','17E8D7510C62FC1AF65F08D9CFFB9289FB64CFD8E7461D78CF009446019102FB','EDFB801DA69FCFCCA20D3D57098E9F0A'),(142,2,'ZJ04986','99B62F5662C4DF2AE3BCC48F205454B6','99EF532018BB1B6814B8B76C8DB1B64E','0F1E2156EF6D78530E9471020FC305FD','17E8D7510C62FC1AF65F08D9CFFB9289FB64CFD8E7461D78CF009446019102FB','EDFB801DA69FCFCCA20D3D57098E9F0A'),(143,2,'TP00003','99B62F5662C4DF2AE3BCC48F205454B6','99EF532018BB1B6814B8B76C8DB1B64E','0F1E2156EF6D78530E9471020FC305FD','17E8D7510C62FC1AF65F08D9CFFB9289FB64CFD8E7461D78CF009446019102FB','EDFB801DA69FCFCCA20D3D57098E9F0A'),(144,2,'ZJ05025','99B62F5662C4DF2AE3BCC48F205454B6','99EF532018BB1B6814B8B76C8DB1B64E','0F1E2156EF6D78530E9471020FC305FD','17E8D7510C62FC1AF65F08D9CFFB9289FB64CFD8E7461D78CF009446019102FB','EDFB801DA69FCFCCA20D3D57098E9F0A'),(145,2,'ZJ05023','99B62F5662C4DF2AE3BCC48F205454B6','99EF532018BB1B6814B8B76C8DB1B64E','0F1E2156EF6D78530E9471020FC305FD','17E8D7510C62FC1AF65F08D9CFFB9289FB64CFD8E7461D78CF009446019102FB','EDFB801DA69FCFCCA20D3D57098E9F0A'),(146,2,'ZJ04602','99B62F5662C4DF2AE3BCC48F205454B6','99EF532018BB1B6814B8B76C8DB1B64E','0F1E2156EF6D78530E9471020FC305FD','17E8D7510C62FC1AF65F08D9CFFB9289FB64CFD8E7461D78CF009446019102FB','EDFB801DA69FCFCCA20D3D57098E9F0A'),(147,2,'ZJ05018','99B62F5662C4DF2AE3BCC48F205454B6','99EF532018BB1B6814B8B76C8DB1B64E','0F1E2156EF6D78530E9471020FC305FD','17E8D7510C62FC1AF65F08D9CFFB9289FB64CFD8E7461D78CF009446019102FB','EDFB801DA69FCFCCA20D3D57098E9F0A'),(148,2,'TP00004','99B62F5662C4DF2AE3BCC48F205454B6','99EF532018BB1B6814B8B76C8DB1B64E','0F1E2156EF6D78530E9471020FC305FD','17E8D7510C62FC1AF65F08D9CFFB9289FB64CFD8E7461D78CF009446019102FB','EDFB801DA69FCFCCA20D3D57098E9F0A'),(149,2,'ZJ03641','99B62F5662C4DF2AE3BCC48F205454B6','99EF532018BB1B6814B8B76C8DB1B64E','0F1E2156EF6D78530E9471020FC305FD','17E8D7510C62FC1AF65F08D9CFFB9289FB64CFD8E7461D78CF009446019102FB','EDFB801DA69FCFCCA20D3D57098E9F0A'),(150,2,'ZJ01043','99B62F5662C4DF2AE3BCC48F205454B6','99EF532018BB1B6814B8B76C8DB1B64E','0F1E2156EF6D78530E9471020FC305FD','17E8D7510C62FC1AF65F08D9CFFB9289FB64CFD8E7461D78CF009446019102FB','EDFB801DA69FCFCCA20D3D57098E9F0A'),(151,2,'ZJ04702','99B62F5662C4DF2AE3BCC48F205454B6','99EF532018BB1B6814B8B76C8DB1B64E','0F1E2156EF6D78530E9471020FC305FD','17E8D7510C62FC1AF65F08D9CFFB9289FB64CFD8E7461D78CF009446019102FB','0F1E2156EF6D78530E9471020FC305FD'),(152,2,'ZJ01895','99B62F5662C4DF2AE3BCC48F205454B6','99EF532018BB1B6814B8B76C8DB1B64E','0F1E2156EF6D78530E9471020FC305FD','17E8D7510C62FC1AF65F08D9CFFB9289FB64CFD8E7461D78CF009446019102FB','EDFB801DA69FCFCCA20D3D57098E9F0A'),(153,2,'ZJ04041','99B62F5662C4DF2AE3BCC48F205454B6','99EF532018BB1B6814B8B76C8DB1B64E','0F1E2156EF6D78530E9471020FC305FD','17E8D7510C62FC1AF65F08D9CFFB9289FB64CFD8E7461D78CF009446019102FB','EDFB801DA69FCFCCA20D3D57098E9F0A'),(154,2,'ZJ01029','99B62F5662C4DF2AE3BCC48F205454B6','99EF532018BB1B6814B8B76C8DB1B64E','0F1E2156EF6D78530E9471020FC305FD','17E8D7510C62FC1AF65F08D9CFFB9289FB64CFD8E7461D78CF009446019102FB','EDFB801DA69FCFCCA20D3D57098E9F0A'),(155,2,'ZJ04065','99B62F5662C4DF2AE3BCC48F205454B6','99EF532018BB1B6814B8B76C8DB1B64E','0F1E2156EF6D78530E9471020FC305FD','17E8D7510C62FC1AF65F08D9CFFB9289FB64CFD8E7461D78CF009446019102FB','EDFB801DA69FCFCCA20D3D57098E9F0A'),(156,2,'ZJ04909','99B62F5662C4DF2AE3BCC48F205454B6','99EF532018BB1B6814B8B76C8DB1B64E','0F1E2156EF6D78530E9471020FC305FD','17E8D7510C62FC1AF65F08D9CFFB9289FB64CFD8E7461D78CF009446019102FB','EDFB801DA69FCFCCA20D3D57098E9F0A'),(157,2,'ZJ04659','99B62F5662C4DF2AE3BCC48F205454B6','99EF532018BB1B6814B8B76C8DB1B64E','0F1E2156EF6D78530E9471020FC305FD','17E8D7510C62FC1AF65F08D9CFFB9289FB64CFD8E7461D78CF009446019102FB','EDFB801DA69FCFCCA20D3D57098E9F0A'),(158,2,'TP00005','B9974E6DE177A507CAC0E9A93D2074F9','99EF532018BB1B6814B8B76C8DB1B64E','7701C6842F4CB0E034DB55938E7330A9','9B119AD7AB4D5D6CE7A00C253AA1982B9A87564BCDCFDDAACA07A9694445D6C6','EDFB801DA69FCFCCA20D3D57098E9F0A'),(159,2,'ZJ05016','99B62F5662C4DF2AE3BCC48F205454B6','99EF532018BB1B6814B8B76C8DB1B64E','0F1E2156EF6D78530E9471020FC305FD','17E8D7510C62FC1AF65F08D9CFFB9289FB64CFD8E7461D78CF009446019102FB','EDFB801DA69FCFCCA20D3D57098E9F0A'),(160,2,'ZJ05020','99B62F5662C4DF2AE3BCC48F205454B6','99EF532018BB1B6814B8B76C8DB1B64E','0F1E2156EF6D78530E9471020FC305FD','17E8D7510C62FC1AF65F08D9CFFB9289FB64CFD8E7461D78CF009446019102FB','EDFB801DA69FCFCCA20D3D57098E9F0A'),(161,2,'ZJ01518','99B62F5662C4DF2AE3BCC48F205454B6','99EF532018BB1B6814B8B76C8DB1B64E','0F1E2156EF6D78530E9471020FC305FD','17E8D7510C62FC1AF65F08D9CFFB9289FB64CFD8E7461D78CF009446019102FB','EDFB801DA69FCFCCA20D3D57098E9F0A'),(162,2,'ZJ02973','99B62F5662C4DF2AE3BCC48F205454B6','99EF532018BB1B6814B8B76C8DB1B64E','0F1E2156EF6D78530E9471020FC305FD','17E8D7510C62FC1AF65F08D9CFFB9289FB64CFD8E7461D78CF009446019102FB','EDFB801DA69FCFCCA20D3D57098E9F0A'),(163,2,'ZJ02174','99B62F5662C4DF2AE3BCC48F205454B6','99EF532018BB1B6814B8B76C8DB1B64E','0F1E2156EF6D78530E9471020FC305FD','17E8D7510C62FC1AF65F08D9CFFB9289FB64CFD8E7461D78CF009446019102FB','EDFB801DA69FCFCCA20D3D57098E9F0A'),(164,2,'ZJ00105','99B62F5662C4DF2AE3BCC48F205454B6','99EF532018BB1B6814B8B76C8DB1B64E','0F1E2156EF6D78530E9471020FC305FD','17E8D7510C62FC1AF65F08D9CFFB9289FB64CFD8E7461D78CF009446019102FB','EDFB801DA69FCFCCA20D3D57098E9F0A'),(165,2,'ZJ03039','99B62F5662C4DF2AE3BCC48F205454B6','99EF532018BB1B6814B8B76C8DB1B64E','0F1E2156EF6D78530E9471020FC305FD','17E8D7510C62FC1AF65F08D9CFFB9289FB64CFD8E7461D78CF009446019102FB','EDFB801DA69FCFCCA20D3D57098E9F0A'),(166,2,'TP00006','99B62F5662C4DF2AE3BCC48F205454B6','99EF532018BB1B6814B8B76C8DB1B64E','0F1E2156EF6D78530E9471020FC305FD','17E8D7510C62FC1AF65F08D9CFFB9289FB64CFD8E7461D78CF009446019102FB','AE55CEFB1E083A1CCA3CA2DD9722B242'),(167,2,'ZJ05013','99B62F5662C4DF2AE3BCC48F205454B6','99EF532018BB1B6814B8B76C8DB1B64E','0F1E2156EF6D78530E9471020FC305FD','17E8D7510C62FC1AF65F08D9CFFB9289FB64CFD8E7461D78CF009446019102FB','EDFB801DA69FCFCCA20D3D57098E9F0A'),(168,2,'ZJ05028','99B62F5662C4DF2AE3BCC48F205454B6','99EF532018BB1B6814B8B76C8DB1B64E','0F1E2156EF6D78530E9471020FC305FD','17E8D7510C62FC1AF65F08D9CFFB9289FB64CFD8E7461D78CF009446019102FB','EDFB801DA69FCFCCA20D3D57098E9F0A'),(169,2,'ZJ04150','99B62F5662C4DF2AE3BCC48F205454B6','99EF532018BB1B6814B8B76C8DB1B64E','0F1E2156EF6D78530E9471020FC305FD','17E8D7510C62FC1AF65F08D9CFFB9289FB64CFD8E7461D78CF009446019102FB','EDFB801DA69FCFCCA20D3D57098E9F0A'),(170,2,'ZJ04360','99B62F5662C4DF2AE3BCC48F205454B6','99EF532018BB1B6814B8B76C8DB1B64E','0F1E2156EF6D78530E9471020FC305FD','17E8D7510C62FC1AF65F08D9CFFB9289FB64CFD8E7461D78CF009446019102FB','EDFB801DA69FCFCCA20D3D57098E9F0A'),(171,2,'ZJ03326','99B62F5662C4DF2AE3BCC48F205454B6','99EF532018BB1B6814B8B76C8DB1B64E','0F1E2156EF6D78530E9471020FC305FD','17E8D7510C62FC1AF65F08D9CFFB9289FB64CFD8E7461D78CF009446019102FB','EDFB801DA69FCFCCA20D3D57098E9F0A'),(172,2,'ZJ04353','99B62F5662C4DF2AE3BCC48F205454B6','99EF532018BB1B6814B8B76C8DB1B64E','0F1E2156EF6D78530E9471020FC305FD','17E8D7510C62FC1AF65F08D9CFFB9289FB64CFD8E7461D78CF009446019102FB','EDFB801DA69FCFCCA20D3D57098E9F0A'),(173,2,'ZJ04356','99B62F5662C4DF2AE3BCC48F205454B6','99EF532018BB1B6814B8B76C8DB1B64E','0F1E2156EF6D78530E9471020FC305FD','17E8D7510C62FC1AF65F08D9CFFB9289FB64CFD8E7461D78CF009446019102FB','EDFB801DA69FCFCCA20D3D57098E9F0A'),(174,2,'ZJ05021','99B62F5662C4DF2AE3BCC48F205454B6','99EF532018BB1B6814B8B76C8DB1B64E','0F1E2156EF6D78530E9471020FC305FD','17E8D7510C62FC1AF65F08D9CFFB9289FB64CFD8E7461D78CF009446019102FB','EDFB801DA69FCFCCA20D3D57098E9F0A'),(175,2,'ZJ04983','99B62F5662C4DF2AE3BCC48F205454B6','99EF532018BB1B6814B8B76C8DB1B64E','0F1E2156EF6D78530E9471020FC305FD','17E8D7510C62FC1AF65F08D9CFFB9289FB64CFD8E7461D78CF009446019102FB','EDFB801DA69FCFCCA20D3D57098E9F0A'),(176,2,'ZJ05031','99B62F5662C4DF2AE3BCC48F205454B6','99EF532018BB1B6814B8B76C8DB1B64E','0F1E2156EF6D78530E9471020FC305FD','17E8D7510C62FC1AF65F08D9CFFB9289FB64CFD8E7461D78CF009446019102FB','EDFB801DA69FCFCCA20D3D57098E9F0A'),(177,2,'ZJ05034','99B62F5662C4DF2AE3BCC48F205454B6','99EF532018BB1B6814B8B76C8DB1B64E','0F1E2156EF6D78530E9471020FC305FD','17E8D7510C62FC1AF65F08D9CFFB9289FB64CFD8E7461D78CF009446019102FB','EDFB801DA69FCFCCA20D3D57098E9F0A'),(178,2,'ZJ04571','99B62F5662C4DF2AE3BCC48F205454B6','99EF532018BB1B6814B8B76C8DB1B64E','0F1E2156EF6D78530E9471020FC305FD','17E8D7510C62FC1AF65F08D9CFFB9289FB64CFD8E7461D78CF009446019102FB','EDFB801DA69FCFCCA20D3D57098E9F0A'),(179,2,'ZJ05035','99B62F5662C4DF2AE3BCC48F205454B6','99EF532018BB1B6814B8B76C8DB1B64E','0F1E2156EF6D78530E9471020FC305FD','17E8D7510C62FC1AF65F08D9CFFB9289FB64CFD8E7461D78CF009446019102FB','EDFB801DA69FCFCCA20D3D57098E9F0A'),(180,2,'ZJ00120','99B62F5662C4DF2AE3BCC48F205454B6','99EF532018BB1B6814B8B76C8DB1B64E','0F1E2156EF6D78530E9471020FC305FD','17E8D7510C62FC1AF65F08D9CFFB9289FB64CFD8E7461D78CF009446019102FB','EDFB801DA69FCFCCA20D3D57098E9F0A'),(181,2,'ZJ04284','99B62F5662C4DF2AE3BCC48F205454B6','99EF532018BB1B6814B8B76C8DB1B64E','0F1E2156EF6D78530E9471020FC305FD','17E8D7510C62FC1AF65F08D9CFFB9289FB64CFD8E7461D78CF009446019102FB','EDFB801DA69FCFCCA20D3D57098E9F0A'),(182,2,'ZJ04300','99B62F5662C4DF2AE3BCC48F205454B6','99EF532018BB1B6814B8B76C8DB1B64E','0F1E2156EF6D78530E9471020FC305FD','17E8D7510C62FC1AF65F08D9CFFB9289FB64CFD8E7461D78CF009446019102FB','EDFB801DA69FCFCCA20D3D57098E9F0A'),(183,2,'ZJ01468','99B62F5662C4DF2AE3BCC48F205454B6','99EF532018BB1B6814B8B76C8DB1B64E','0F1E2156EF6D78530E9471020FC305FD','17E8D7510C62FC1AF65F08D9CFFB9289FB64CFD8E7461D78CF009446019102FB','EDFB801DA69FCFCCA20D3D57098E9F0A'),(184,2,'TP00007','99B62F5662C4DF2AE3BCC48F205454B6','99EF532018BB1B6814B8B76C8DB1B64E','0F1E2156EF6D78530E9471020FC305FD','17E8D7510C62FC1AF65F08D9CFFB9289FB64CFD8E7461D78CF009446019102FB','A4144AFE2307E6166D9ACBBD345E804F'),(185,2,'ZJ04601','99B62F5662C4DF2AE3BCC48F205454B6','99EF532018BB1B6814B8B76C8DB1B64E','0F1E2156EF6D78530E9471020FC305FD','17E8D7510C62FC1AF65F08D9CFFB9289FB64CFD8E7461D78CF009446019102FB','EDFB801DA69FCFCCA20D3D57098E9F0A'),(186,2,'ZJ04907','99B62F5662C4DF2AE3BCC48F205454B6','99EF532018BB1B6814B8B76C8DB1B64E','0F1E2156EF6D78530E9471020FC305FD','17E8D7510C62FC1AF65F08D9CFFB9289FB64CFD8E7461D78CF009446019102FB','EDFB801DA69FCFCCA20D3D57098E9F0A'),(187,2,'ZJ04393','99B62F5662C4DF2AE3BCC48F205454B6','99EF532018BB1B6814B8B76C8DB1B64E','0F1E2156EF6D78530E9471020FC305FD','17E8D7510C62FC1AF65F08D9CFFB9289FB64CFD8E7461D78CF009446019102FB','EDFB801DA69FCFCCA20D3D57098E9F0A'),(188,2,'ZJ04810','99B62F5662C4DF2AE3BCC48F205454B6','99EF532018BB1B6814B8B76C8DB1B64E','0F1E2156EF6D78530E9471020FC305FD','17E8D7510C62FC1AF65F08D9CFFB9289FB64CFD8E7461D78CF009446019102FB','EDFB801DA69FCFCCA20D3D57098E9F0A'),(189,2,'ZJ05015','99B62F5662C4DF2AE3BCC48F205454B6','99EF532018BB1B6814B8B76C8DB1B64E','0F1E2156EF6D78530E9471020FC305FD','17E8D7510C62FC1AF65F08D9CFFB9289FB64CFD8E7461D78CF009446019102FB','EDFB801DA69FCFCCA20D3D57098E9F0A'),(190,2,'ZJ05026','99B62F5662C4DF2AE3BCC48F205454B6','99EF532018BB1B6814B8B76C8DB1B64E','0F1E2156EF6D78530E9471020FC305FD','17E8D7510C62FC1AF65F08D9CFFB9289FB64CFD8E7461D78CF009446019102FB','EDFB801DA69FCFCCA20D3D57098E9F0A'),(191,2,'ZJ01170','99B62F5662C4DF2AE3BCC48F205454B6','99EF532018BB1B6814B8B76C8DB1B64E','0F1E2156EF6D78530E9471020FC305FD','17E8D7510C62FC1AF65F08D9CFFB9289FB64CFD8E7461D78CF009446019102FB','EDFB801DA69FCFCCA20D3D57098E9F0A'),(192,2,'ZJ03080','99B62F5662C4DF2AE3BCC48F205454B6','99EF532018BB1B6814B8B76C8DB1B64E','0F1E2156EF6D78530E9471020FC305FD','17E8D7510C62FC1AF65F08D9CFFB9289FB64CFD8E7461D78CF009446019102FB','EDFB801DA69FCFCCA20D3D57098E9F0A'),(193,2,'ZJ04582','99B62F5662C4DF2AE3BCC48F205454B6','99EF532018BB1B6814B8B76C8DB1B64E','0F1E2156EF6D78530E9471020FC305FD','17E8D7510C62FC1AF65F08D9CFFB9289FB64CFD8E7461D78CF009446019102FB','EDFB801DA69FCFCCA20D3D57098E9F0A'),(194,2,'ZJ04987','99B62F5662C4DF2AE3BCC48F205454B6','99EF532018BB1B6814B8B76C8DB1B64E','0F1E2156EF6D78530E9471020FC305FD','17E8D7510C62FC1AF65F08D9CFFB9289FB64CFD8E7461D78CF009446019102FB','EDFB801DA69FCFCCA20D3D57098E9F0A'),(195,2,'ZJ05027','99B62F5662C4DF2AE3BCC48F205454B6','99EF532018BB1B6814B8B76C8DB1B64E','0F1E2156EF6D78530E9471020FC305FD','17E8D7510C62FC1AF65F08D9CFFB9289FB64CFD8E7461D78CF009446019102FB','EDFB801DA69FCFCCA20D3D57098E9F0A'),(196,2,'ZJ05029','99B62F5662C4DF2AE3BCC48F205454B6','99EF532018BB1B6814B8B76C8DB1B64E','0F1E2156EF6D78530E9471020FC305FD','17E8D7510C62FC1AF65F08D9CFFB9289FB64CFD8E7461D78CF009446019102FB','EDFB801DA69FCFCCA20D3D57098E9F0A'),(197,2,'ZJ05030','99B62F5662C4DF2AE3BCC48F205454B6','99EF532018BB1B6814B8B76C8DB1B64E','0F1E2156EF6D78530E9471020FC305FD','17E8D7510C62FC1AF65F08D9CFFB9289FB64CFD8E7461D78CF009446019102FB','EDFB801DA69FCFCCA20D3D57098E9F0A'),(198,2,'ZJ00188','99B62F5662C4DF2AE3BCC48F205454B6','99EF532018BB1B6814B8B76C8DB1B64E','0F1E2156EF6D78530E9471020FC305FD','17E8D7510C62FC1AF65F08D9CFFB9289FB64CFD8E7461D78CF009446019102FB','EDFB801DA69FCFCCA20D3D57098E9F0A'),(199,2,'ZJ00199','99B62F5662C4DF2AE3BCC48F205454B6','99EF532018BB1B6814B8B76C8DB1B64E','0F1E2156EF6D78530E9471020FC305FD','17E8D7510C62FC1AF65F08D9CFFB9289FB64CFD8E7461D78CF009446019102FB','EDFB801DA69FCFCCA20D3D57098E9F0A'),(200,2,'ZJ04700','99B62F5662C4DF2AE3BCC48F205454B6','99EF532018BB1B6814B8B76C8DB1B64E','0F1E2156EF6D78530E9471020FC305FD','17E8D7510C62FC1AF65F08D9CFFB9289FB64CFD8E7461D78CF009446019102FB','EDFB801DA69FCFCCA20D3D57098E9F0A'),(201,2,'ZJ02201','99B62F5662C4DF2AE3BCC48F205454B6','99EF532018BB1B6814B8B76C8DB1B64E','0F1E2156EF6D78530E9471020FC305FD','17E8D7510C62FC1AF65F08D9CFFB9289FB64CFD8E7461D78CF009446019102FB','EDFB801DA69FCFCCA20D3D57098E9F0A'),(202,2,'ZJ03135','99B62F5662C4DF2AE3BCC48F205454B6','99EF532018BB1B6814B8B76C8DB1B64E','0F1E2156EF6D78530E9471020FC305FD','17E8D7510C62FC1AF65F08D9CFFB9289FB64CFD8E7461D78CF009446019102FB','EDFB801DA69FCFCCA20D3D57098E9F0A');

/*Table structure for table `pms_expense` */

DROP TABLE IF EXISTS `pms_expense`;

CREATE TABLE `pms_expense` (
  `id` bigint(20) unsigned NOT NULL AUTO_INCREMENT,
  `expense_code` varchar(20) NOT NULL,
  `expense_name` varchar(50) NOT NULL,
  `expense_type` tinyint(4) NOT NULL,
  `description` varchar(500) DEFAULT NULL,
  `is_deleted` tinyint(4) NOT NULL,
  `gmt_create` datetime NOT NULL,
  `gmt_modified` datetime NOT NULL,
  PRIMARY KEY (`id`)
) ENGINE=InnoDB AUTO_INCREMENT=8 DEFAULT CHARSET=utf8;

/*Data for the table `pms_expense` */

insert  into `pms_expense`(`id`,`expense_code`,`expense_name`,`expense_type`,`description`,`is_deleted`,`gmt_create`,`gmt_modified`) values (1,'000001','招待费',0,'test',0,'2017-06-22 16:10:29','2017-06-22 16:10:29'),(2,'000002','交通费',0,'test2',0,'2017-06-22 16:15:49','2017-06-22 16:15:49'),(3,'100001','房租',1,'100001',0,'2017-06-22 16:18:35','2017-06-22 16:18:35'),(4,'200001','折旧资产',2,'200001',0,'2017-06-22 16:18:48','2017-06-22 16:18:48'),(5,'100002','物业费',1,'100002',0,'2017-06-22 16:29:37','2017-06-22 16:29:37'),(6,'200002','无形资产',2,'200002',0,'2017-06-26 15:21:40','2017-06-26 15:21:40'),(7,'000003','住宿费',0,'住宿费',0,'2017-06-27 15:50:49','2017-06-27 15:50:49');

/*Table structure for table `pms_expense_cast` */

DROP TABLE IF EXISTS `pms_expense_cast`;

CREATE TABLE `pms_expense_cast` (
  `id` bigint(20) unsigned NOT NULL AUTO_INCREMENT,
  `cast_code` char(14) NOT NULL,
  `cast_type` tinyint(4) NOT NULL,
  `voucher_number` varchar(20) DEFAULT NULL,
  `pay_subject` tinyint(3) unsigned NOT NULL,
  `employee_id` bigint(20) unsigned NOT NULL,
  `pre_tax_cast` decimal(10,2) NOT NULL,
  `tas_money` decimal(10,2) DEFAULT NULL,
  `after_tax_cast` decimal(10,2) NOT NULL,
  `create_date` date NOT NULL,
  `description` varchar(500) DEFAULT NULL,
  `approval_status` tinyint(3) unsigned NOT NULL,
  PRIMARY KEY (`id`)
) ENGINE=InnoDB AUTO_INCREMENT=5 DEFAULT CHARSET=utf8;

/*Data for the table `pms_expense_cast` */

insert  into `pms_expense_cast`(`id`,`cast_code`,`cast_type`,`voucher_number`,`pay_subject`,`employee_id`,`pre_tax_cast`,`tas_money`,`after_tax_cast`,`create_date`,`description`,`approval_status`) values (1,'OP201706000002',0,'ttt111',1,73,'259.00','26.00','233.00','2017-06-26','招待费用',2),(2,'OP201706000003',1,'ttt222',1,73,'5000.00','0.00','5000.00','2017-06-26','房租',2),(3,'OP201706000004',2,'1t1t1',1,73,'333.00','32.00','301.00','2017-06-26','资产 ',2),(4,'OP201706000005',0,'ttttt',1,73,'10686.00','572.00','10114.00','2017-06-26','test',2);

/*Table structure for table `pms_expense_cast_detail` */

DROP TABLE IF EXISTS `pms_expense_cast_detail`;

CREATE TABLE `pms_expense_cast_detail` (
  `id` bigint(20) unsigned NOT NULL AUTO_INCREMENT,
  `expense_cast_id` bigint(20) unsigned NOT NULL,
  `project_id` bigint(20) unsigned NOT NULL,
  `expense_id` bigint(20) NOT NULL,
  `department_id` bigint(20) unsigned NOT NULL,
  `pre_tax_cast` decimal(10,2) NOT NULL,
  `tas_money` decimal(10,2) NOT NULL,
  `after_tax_cast` decimal(10,2) NOT NULL,
  `description` varchar(500) DEFAULT NULL,
  PRIMARY KEY (`id`)
) ENGINE=InnoDB AUTO_INCREMENT=64 DEFAULT CHARSET=utf8;

/*Data for the table `pms_expense_cast_detail` */

insert  into `pms_expense_cast_detail`(`id`,`expense_cast_id`,`project_id`,`expense_id`,`department_id`,`pre_tax_cast`,`tas_money`,`after_tax_cast`,`description`) values (14,1,1,1,25,'259.00','26.00','233.00','招待费用'),(15,2,1,3,6,'5000.00','0.00','5000.00','房租'),(55,3,2,4,4,'111.00','11.00','100.00','资产1'),(56,3,4,6,13,'222.00','21.00','201.00','资产 2'),(57,4,1,1,6,'1111.00','11.00','1100.00','test1'),(58,4,2,2,24,'555.00','5.00','550.00','test2'),(59,4,2,1,24,'1023.00','123.00','900.00','test3'),(60,4,5,1,6,'1111.00','11.00','1100.00','test54'),(61,4,3,2,14,'3000.00','235.00','2765.00',''),(62,4,3,2,14,'3331.00','132.00','3199.00','te'),(63,4,5,7,24,'555.00','55.00','500.00','55');

/*Table structure for table `pms_function` */

DROP TABLE IF EXISTS `pms_function`;

CREATE TABLE `pms_function` (
  `id` bigint(20) unsigned NOT NULL AUTO_INCREMENT,
  `pid` bigint(20) unsigned NOT NULL,
  `function_name` varchar(50) NOT NULL,
  `function_type` tinyint(3) unsigned NOT NULL,
  `function_url` varchar(200) NOT NULL,
  `icon` varchar(50) DEFAULT NULL,
  `function_level` tinyint(3) unsigned NOT NULL,
  `description` varchar(500) DEFAULT NULL,
  `order_id` int(11) NOT NULL,
  `gtm_create` datetime NOT NULL,
  `gmt_modified` datetime NOT NULL,
  PRIMARY KEY (`id`),
  KEY `FK_SELF` (`pid`)
) ENGINE=InnoDB AUTO_INCREMENT=53 DEFAULT CHARSET=utf8;

/*Data for the table `pms_function` */

insert  into `pms_function`(`id`,`pid`,`function_name`,`function_type`,`function_url`,`icon`,`function_level`,`description`,`order_id`,`gtm_create`,`gmt_modified`) values (1,0,'系统管理',0,'','y-icon8',1,NULL,6,'2017-04-14 09:37:26','2017-04-14 09:37:29'),(3,1,'员工管理',0,'/employee-list',NULL,2,NULL,2,'2017-04-14 09:38:24','2017-04-14 09:38:26'),(5,1,'部门管理',0,'/department-list',NULL,2,NULL,1,'2017-04-18 14:55:25','2017-04-18 14:55:29'),(6,12,'维护日常成本',0,'/expense-management','y-icon8',2,NULL,1,'2017-04-14 09:38:24','2017-04-14 09:38:26'),(8,0,'项目管理',0,'','y-icon8',1,NULL,1,'2017-04-19 16:46:28','2017-04-19 16:46:33'),(9,0,'工时表管理',0,'','y-icon8',1,NULL,2,'2017-04-22 09:57:05','2017-04-22 09:57:12'),(10,23,'上传薪资表',0,'/employee-salary-upload',NULL,2,NULL,1,'2017-04-01 09:57:36','2017-04-01 09:57:44'),(12,0,'经营费用管理',0,'','y-icon8',1,NULL,5,'2017-04-25 16:54:42','2017-04-25 16:54:48'),(13,8,'维护项目',0,'/project-list',NULL,2,NULL,1,'2017-04-26 11:25:43','2017-04-26 11:25:44'),(14,8,'控制项目',0,'/project-control',NULL,2,NULL,2,'2017-04-26 11:26:05','2017-04-26 11:26:06'),(15,9,'上报工时表',0,'/workschedule-list',NULL,2,NULL,2,'2017-04-27 09:27:35','2017-04-27 09:27:36'),(20,9,'审核工时表',1,'/workschedule-review-list?id=20',NULL,2,NULL,3,'2017-05-02 11:15:01','2017-05-02 11:15:03'),(21,9,'审批工时表',1,'/workschedule-approval-list?id=21',NULL,2,NULL,4,'2017-05-02 14:27:08','2017-05-02 14:27:09'),(22,9,'确认工时表',0,'/workschedule-submit-list?id=22',NULL,2,NULL,5,'2017-05-02 14:46:44','2017-05-02 14:46:46'),(23,0,'薪资管理',0,'','y-icon8',1,NULL,3,'2017-05-02 14:49:07','2017-05-02 14:49:08'),(26,0,'资源管理',0,'','y-icon8',1,NULL,4,'2017-05-04 11:13:46','2017-05-04 11:13:48'),(27,26,'维护资源',0,'/resource-list',NULL,2,NULL,1,'2017-05-04 11:24:31','2017-05-04 11:24:32'),(28,1,'系统授权',0,'/employee-authorization',NULL,2,NULL,3,'2017-05-09 10:08:51','2017-05-09 10:08:53'),(30,26,'审核资源费用',0,'/resource-approval-list',NULL,2,NULL,4,'2017-05-10 09:37:13','2017-05-10 09:37:16'),(31,26,'确认资源费用',0,'/resource-submit-list',NULL,2,NULL,5,'2017-05-10 17:00:53','2017-05-10 17:00:55'),(36,37,'费用用度结算',0,'/project-report-month',NULL,2,NULL,1,'2017-05-18 09:23:50','2017-05-18 09:23:52'),(37,0,'统计分析',0,'','y-icon8',1,NULL,7,'2017-05-19 11:31:15','2017-05-19 11:31:16'),(38,37,'月度成本报表',0,'/project-stats-month',NULL,2,NULL,2,'2017-05-19 11:33:03','2017-05-19 11:33:05'),(40,12,'审核日常成本费用',0,'/expense-cast-review',NULL,2,NULL,3,'2017-05-26 09:16:42','2017-05-26 09:16:44'),(41,26,'上报资源费用',0,'/resource-cast-list',NULL,2,NULL,2,'2017-06-02 16:07:33','2017-06-02 16:07:34'),(42,26,'上报资源用量',0,'/resource-amount-list',NULL,2,NULL,3,'2017-06-02 16:58:00','2017-06-02 16:58:02'),(43,12,'上报日常成本费用',0,'/expense-cast-report',NULL,2,NULL,2,'2017-06-04 15:29:49','2017-06-04 15:29:51'),(46,9,'我的工时报告',0,'/workschedule-employee-report',NULL,2,NULL,6,'2017-06-15 14:10:13','2017-06-15 14:10:14'),(47,9,'部门工时报告',0,'/workschedule-department-report',NULL,2,NULL,7,'2017-06-16 11:19:38','2017-06-16 11:19:39'),(48,9,'中心工时报告',0,'/workschedule-center-report',NULL,2,NULL,8,'2017-06-19 10:14:51','2017-06-19 10:14:49'),(49,9,'项目工时报告',0,'/workschedule-project-report',NULL,2,NULL,9,'2017-06-20 09:48:54','2017-06-20 09:48:56'),(50,9,'工时上报数量统计',0,'/workschedule-count-report',NULL,2,NULL,10,'2017-06-30 15:45:41','2017-06-30 15:45:42'),(51,23,'审核薪资表',0,'/employee-salary-review',NULL,2,NULL,2,'2017-07-03 11:17:32','2017-07-03 11:17:34'),(52,9,'工时表上传',0,'/workschedule-import',NULL,2,NULL,11,'2017-07-24 15:25:55','2017-07-24 15:25:57');

/*Table structure for table `pms_generator` */

DROP TABLE IF EXISTS `pms_generator`;

CREATE TABLE `pms_generator` (
  `id` bigint(20) unsigned NOT NULL AUTO_INCREMENT,
  `seed` varchar(20) NOT NULL,
  `prefix` char(2) NOT NULL,
  `formatter` varchar(8) NOT NULL,
  `digit` smallint(6) NOT NULL,
  `number` smallint(6) NOT NULL,
  `generator_date` date NOT NULL,
  PRIMARY KEY (`id`)
) ENGINE=InnoDB AUTO_INCREMENT=2 DEFAULT CHARSET=utf8;

/*Data for the table `pms_generator` */

insert  into `pms_generator`(`id`,`seed`,`prefix`,`formatter`,`digit`,`number`,`generator_date`) values (1,'OP','OP','yyyyMM',6,6,'2017-06-26');

/*Table structure for table `pms_permission` */

DROP TABLE IF EXISTS `pms_permission`;

CREATE TABLE `pms_permission` (
  `id` bigint(20) unsigned NOT NULL AUTO_INCREMENT,
  `employee_id` bigint(20) unsigned NOT NULL,
  `function_id` bigint(20) unsigned NOT NULL,
  PRIMARY KEY (`id`)
) ENGINE=InnoDB AUTO_INCREMENT=757 DEFAULT CHARSET=utf8;

/*Data for the table `pms_permission` */

insert  into `pms_permission`(`id`,`employee_id`,`function_id`) values (1,34,9),(2,38,9),(3,42,9),(5,57,9),(6,65,9),(7,83,9),(8,1,9),(9,10,9),(10,7,9),(11,11,9),(12,12,9),(15,9,9),(16,79,9),(17,5,9),(18,97,9),(19,98,9),(20,2,9),(21,3,9),(23,53,9),(25,90,9),(26,13,9),(27,82,9),(28,19,9),(31,15,9),(32,14,9),(34,20,9),(38,100,9),(39,26,9),(40,27,9),(41,17,9),(43,64,9),(44,91,9),(45,101,9),(46,70,9),(50,24,9),(53,18,9),(55,54,9),(56,68,9),(61,69,9),(62,16,9),(63,86,9),(65,8,9),(68,32,9),(70,92,9),(71,84,9),(73,56,9),(74,99,9),(76,6,9),(77,87,9),(78,85,9),(79,55,9),(80,74,9),(82,93,9),(83,66,9),(84,88,9),(85,58,9),(86,21,9),(87,46,9),(88,59,9),(90,35,9),(91,44,9),(92,39,9),(93,43,9),(94,89,9),(95,94,9),(97,95,9),(98,96,9),(99,75,9),(100,76,9),(101,78,9),(128,34,15),(129,38,15),(130,42,15),(132,57,15),(133,65,15),(134,83,15),(135,1,15),(136,10,15),(137,7,15),(138,11,15),(139,12,15),(142,9,15),(143,79,15),(144,5,15),(145,97,15),(146,98,15),(147,2,15),(148,3,15),(150,53,15),(152,90,15),(153,13,15),(154,82,15),(155,19,15),(158,15,15),(159,14,15),(161,20,15),(165,100,15),(166,26,15),(167,27,15),(168,17,15),(170,64,15),(171,91,15),(172,101,15),(173,70,15),(177,24,15),(180,18,15),(182,54,15),(183,68,15),(188,69,15),(189,16,15),(190,86,15),(192,8,15),(195,32,15),(197,92,15),(198,84,15),(200,56,15),(201,99,15),(203,6,15),(204,87,15),(205,85,15),(206,55,15),(207,74,15),(209,93,15),(210,66,15),(211,88,15),(212,58,15),(213,21,15),(214,46,15),(215,59,15),(217,35,15),(218,44,15),(219,39,15),(220,43,15),(221,89,15),(222,94,15),(224,95,15),(225,96,15),(226,75,15),(227,76,15),(228,78,15),(255,7,1),(256,7,3),(257,7,5),(258,7,28),(265,67,9),(266,67,15),(267,67,20),(268,63,9),(269,63,15),(270,63,20),(271,77,9),(272,77,15),(273,77,20),(281,30,9),(282,30,15),(283,30,20),(299,52,9),(300,52,15),(301,52,20),(305,28,9),(306,28,15),(307,28,20),(308,28,21),(315,29,9),(316,29,15),(317,29,20),(318,71,9),(319,71,12),(320,71,15),(321,71,43),(322,25,9),(323,25,12),(324,25,15),(325,25,43),(330,22,6),(331,22,8),(332,22,9),(333,22,12),(334,22,13),(335,22,14),(336,22,15),(337,22,25),(338,22,26),(339,22,27),(340,22,31),(341,22,33),(342,4,9),(343,4,10),(344,4,15),(345,4,23),(349,48,9),(350,48,15),(351,48,20),(352,48,22),(353,36,9),(354,36,15),(355,36,20),(356,36,22),(357,50,9),(358,50,15),(359,50,22),(360,40,9),(361,40,15),(362,40,20),(363,40,22),(364,51,9),(365,51,15),(366,51,20),(367,51,22),(368,37,9),(369,37,15),(370,37,22),(371,41,9),(372,41,15),(373,41,22),(374,49,9),(375,49,15),(376,49,22),(377,45,9),(378,45,15),(379,45,20),(380,45,22),(381,47,9),(382,47,15),(383,47,22),(388,61,9),(389,61,15),(390,61,20),(391,61,22),(392,33,9),(393,33,15),(394,33,22),(395,62,9),(396,62,15),(397,62,20),(398,62,22),(555,81,9),(556,81,15),(557,81,20),(558,80,9),(559,80,15),(560,80,20),(561,80,22),(562,80,46),(563,80,47),(570,60,9),(571,60,15),(572,60,20),(573,60,21),(574,60,46),(575,60,48),(614,72,9),(615,72,15),(616,72,20),(617,72,46),(618,72,47),(619,31,9),(620,31,15),(621,31,22),(622,31,49),(720,23,9),(721,23,12),(722,23,15),(723,23,40),(724,73,1),(725,73,3),(726,73,5),(727,73,6),(728,73,8),(729,73,9),(730,73,10),(731,73,12),(732,73,13),(733,73,14),(734,73,15),(735,73,20),(736,73,21),(737,73,22),(738,73,23),(739,73,26),(740,73,27),(741,73,30),(742,73,31),(743,73,36),(744,73,37),(745,73,38),(746,73,40),(747,73,41),(748,73,42),(749,73,43),(750,73,46),(751,73,47),(752,73,48),(753,73,49),(754,73,50),(755,73,51),(756,73,52);

/*Table structure for table `pms_project` */

DROP TABLE IF EXISTS `pms_project`;

CREATE TABLE `pms_project` (
  `id` bigint(20) unsigned NOT NULL AUTO_INCREMENT,
  `project_code` varchar(20) NOT NULL,
  `project_name` varchar(50) NOT NULL,
  `alias_name` varchar(50) NOT NULL,
  `plan_start_time` date DEFAULT NULL,
  `plan_end_time` date DEFAULT NULL,
  `actual_start_time` date DEFAULT NULL,
  `actual_end_time` date DEFAULT NULL,
  `project_status` tinyint(3) unsigned NOT NULL,
  `budget` decimal(12,2) NOT NULL,
  `description` varchar(500) DEFAULT NULL,
  `is_deleted` tinyint(3) unsigned NOT NULL,
  `gmt_create` datetime NOT NULL,
  `gmt_modified` datetime NOT NULL,
  PRIMARY KEY (`id`)
) ENGINE=InnoDB AUTO_INCREMENT=29 DEFAULT CHARSET=utf8;

/*Data for the table `pms_project` */

insert  into `pms_project`(`id`,`project_code`,`project_name`,`alias_name`,`plan_start_time`,`plan_end_time`,`actual_start_time`,`actual_end_time`,`project_status`,`budget`,`description`,`is_deleted`,`gmt_create`,`gmt_modified`) values (1,'P-001-2009-C-V','丰田项目','丰田项目','2013-01-02','2013-01-02','2013-01-02','2013-01-02',1,'99999999.99','',0,'2017-06-09 00:00:00','2017-06-09 00:00:00'),(2,'P-002-2009-C-V','现代项目','现代项目','2013-06-02','2013-06-02','2013-06-02','2013-06-02',1,'99999999.99','',0,'2017-06-09 00:00:00','2017-06-09 00:00:00'),(3,'P-001-2010-C-V','本田项目','本田项目','2014-07-02','2014-07-02','2014-07-02','2014-07-02',1,'99999999.99','',0,'2017-06-09 00:00:00','2017-06-09 00:00:00'),(4,'P-001-2011-C-V','奥迪项目','奥迪项目','2015-06-02','2015-06-02','2015-06-02','2015-06-02',1,'99999999.99','',0,'2017-06-09 00:00:00','2017-06-09 00:00:00'),(5,'P-001-2012-C-V','福特项目','福特项目','2016-07-02','2016-07-02','2016-07-02','2016-07-02',1,'99999999.99','重新投标，与福特新合同期为2016.01-2018.12',0,'2017-06-09 00:00:00','2017-06-09 00:00:00'),(6,'P-002-2012-C-V','大众汽车车联网（一代）项目','大众一代','2016-07-02','2016-07-02','2016-07-02','2016-07-02',1,'99999999.99','由于项目最终节点为服务到最后一辆车，具体结束日期未定',0,'2017-06-09 00:00:00','2017-06-16 10:21:21'),(7,'P-013-2016-C-V','大众汽车车联网（二代）项目','大众二代','2019-11-02','2019-11-02','2019-11-02','2019-11-02',1,'99999999.99','由于项目最终节点服务到最后一辆车，具体结束日期未定',0,'2017-06-09 00:00:00','2017-06-16 10:21:29'),(8,'P-001-2015-C-V','奔驰2代','奔驰2代','2019-04-02','2019-04-02','2019-04-02','2019-04-02',1,'99999999.99','',0,'2017-06-09 00:00:00','2017-06-09 00:00:00'),(9,'P-003-2009-C-V','北汽股份','北汽股份','2013-06-02','2013-06-02','2013-06-02','2013-06-02',1,'99999999.99','此项目目前处于停滞状态',0,'2017-06-09 00:00:00','2017-06-09 00:00:00'),(10,'P-005-2015-C-V','菲亚特克莱斯勒','克莱斯勒','2019-01-02','2019-01-02','2019-01-02','2019-01-02',1,'99999999.99','',0,'2017-06-09 00:00:00','2017-06-16 10:21:44'),(11,'P-010-2015-C-V','捷豹路虎项目','捷豹路虎','2019-07-02','2019-07-02','2019-07-02','2019-07-02',1,'99999999.99','',0,'2017-06-09 00:00:00','2017-06-16 10:21:51'),(12,'P-011-2015-C-V','保时捷项目','保时捷','2019-10-02','2019-10-02','2019-10-02','2019-10-02',1,'99999999.99','',0,'2017-06-09 00:00:00','2017-06-16 10:21:58'),(13,'P-001-2014-C-V','丽程项目','丽程项目','2018-08-02','2018-08-02','2018-08-02','2018-08-02',1,'99999999.99','',0,'2017-06-09 00:00:00','2017-06-09 00:00:00'),(14,'P-005-2016-C-V','长久项目','长久项目','2020-01-02','2020-01-02','2020-01-02','2020-01-02',1,'99999999.99','',0,'2017-06-09 00:00:00','2017-06-09 00:00:00'),(15,'P-007-2016-C-V','CAA道路救援服务中心场地及座席人员外包服务项目','CAA','2020-04-02','2020-04-02','2020-04-02','2020-04-02',1,'99999999.99','',0,'2017-06-09 00:00:00','2017-06-16 10:22:06'),(16,'P-008-2016-C-V','智驾行项目','智驾行','2020-01-02','2020-01-02','2020-01-02','2020-01-02',1,'99999999.99','',0,'2017-06-09 00:00:00','2017-06-16 10:22:15'),(17,'P-009-2016-C-V','九五SP项目','九五SP','2020-01-03','2020-01-03','2020-01-03','2020-01-03',1,'99999999.99','',0,'2017-06-09 00:00:00','2017-06-16 10:22:26'),(18,'P-013-2016-C-N','C11车载应用开发项目','C11','2020-07-02','2020-07-02','2020-07-02','2020-07-02',1,'99999999.99','',0,'2017-06-09 00:00:00','2017-06-16 10:22:35'),(19,'P-001-2017-C-V','宝马汽车互联应用开发及运营项目','宝马互联','2021-01-12','2021-01-12','2021-01-12','2021-01-12',1,'99999999.99','',0,'2017-06-09 00:00:00','2017-06-16 10:22:48'),(20,'P-002-2017-C-V','北汽新能源C51车机应用开发项目','北汽C51','2021-01-12','2021-01-12','2021-01-12','2021-01-12',1,'99999999.99','甲方终止合同签订',0,'2017-06-09 00:00:00','2017-06-16 10:23:00'),(21,'P-003-2017-S-N','智驾支付中心','智驾支付','2021-01-12','2021-01-12','2021-01-12','2021-01-12',1,'99999999.99','',0,'2017-06-09 00:00:00','2017-06-16 10:23:11'),(22,'P-004-2017-S-N','智驾日志监控中心','智驾日志','2021-01-12','2021-01-12','2021-01-12','2021-01-12',1,'99999999.99','',0,'2017-06-09 00:00:00','2017-06-16 10:23:20'),(23,'P-005-2017-S-V','Y-CP/SP商务化平台','CP/SP','2021-01-12','2021-01-12','2021-01-12','2021-01-12',1,'99999999.99','',0,'2017-06-09 00:00:00','2017-06-16 10:23:29'),(24,'P-007-2017-C-V','广汽讴歌智能管家项目','广汽讴歌','2021-02-02','2021-02-02','2021-02-02','2021-02-02',1,'99999999.99','',0,'2017-06-09 00:00:00','2017-06-16 10:23:34'),(25,'P-008-2017-C-V','福特EA测试项目','福特EA','2021-01-02','2021-01-02','2021-01-02','2021-01-02',1,'99999999.99','',0,'2017-06-09 00:00:00','2017-06-16 10:23:40'),(26,'P-010-2017-S-N','Y-OBD运管平台','Y-OBD','2021-04-02','2021-04-02','2021-04-02','2021-04-02',1,'99999999.99','',0,'2017-06-09 00:00:00','2017-06-16 10:23:46'),(27,'P-012-2017-S-I','智驾车联网虚拟钥匙POC项目','虚拟钥匙','2021-05-02','2021-05-02','2021-05-02','2021-05-02',1,'99999999.99','',0,'2017-06-09 00:00:00','2017-06-16 10:23:54'),(28,'P-999-9999-9-9','管理项目','管理项目',NULL,NULL,NULL,NULL,1,'0.00','',0,'2017-07-14 15:34:17','2017-07-14 15:34:24');

/*Table structure for table `pms_project_permission` */

DROP TABLE IF EXISTS `pms_project_permission`;

CREATE TABLE `pms_project_permission` (
  `id` bigint(20) unsigned NOT NULL AUTO_INCREMENT,
  `employee_id` bigint(20) unsigned NOT NULL,
  `project_id` bigint(20) unsigned NOT NULL,
  PRIMARY KEY (`id`)
) ENGINE=InnoDB AUTO_INCREMENT=24 DEFAULT CHARSET=utf8;

/*Data for the table `pms_project_permission` */

insert  into `pms_project_permission`(`id`,`employee_id`,`project_id`) values (1,31,1),(2,31,3),(3,48,4),(4,36,5),(5,50,6),(6,50,7),(7,40,8),(8,51,9),(9,48,10),(10,37,11),(11,41,12),(12,49,13),(13,49,14),(14,45,18),(15,48,19),(16,47,20),(17,80,21),(18,80,22),(19,61,23),(20,33,24),(21,36,25),(22,61,26),(23,62,27);

/*Table structure for table `pms_project_report_month` */

DROP TABLE IF EXISTS `pms_project_report_month`;

CREATE TABLE `pms_project_report_month` (
  `id` bigint(20) unsigned NOT NULL AUTO_INCREMENT,
  `project_id` bigint(20) unsigned NOT NULL,
  `salary_cast` decimal(10,2) DEFAULT '0.00',
  `resource_cast` decimal(10,2) DEFAULT '0.00',
  `re_cast` decimal(10,2) DEFAULT '0.00',
  `expense_cast` decimal(10,2) DEFAULT '0.00',
  `asset_cast` decimal(10,2) DEFAULT '0.00',
  `total_cast` decimal(10,2) DEFAULT '0.00',
  `create_date` date DEFAULT NULL,
  PRIMARY KEY (`id`)
) ENGINE=InnoDB DEFAULT CHARSET=utf8;

/*Data for the table `pms_project_report_month` */

/*Table structure for table `pms_resource` */

DROP TABLE IF EXISTS `pms_resource`;

CREATE TABLE `pms_resource` (
  `id` bigint(20) unsigned NOT NULL AUTO_INCREMENT,
  `resource_code` varchar(20) NOT NULL,
  `resource_name` varchar(50) NOT NULL,
  `use_type` tinyint(4) NOT NULL,
  `pay_subject` varchar(20) NOT NULL,
  `dependency` varchar(20) DEFAULT NULL,
  `operators` varchar(20) DEFAULT NULL,
  `resource_type` varchar(20) DEFAULT NULL,
  `resource_sub_type` varchar(20) DEFAULT NULL,
  `charge_type` varchar(20) DEFAULT NULL,
  `charge_standards` varchar(500) DEFAULT NULL,
  `charge_frequency` varchar(20) DEFAULT NULL,
  `charge_mode` varchar(20) DEFAULT NULL,
  `charge_code` varchar(50) DEFAULT NULL,
  `accounting_type` varchar(20) DEFAULT NULL,
  `accounting_remark` varchar(500) DEFAULT NULL,
  `unit` varchar(20) DEFAULT NULL,
  `description` varchar(500) DEFAULT NULL,
  `is_deleted` tinyint(1) unsigned DEFAULT NULL,
  `gmt_create` datetime DEFAULT NULL,
  `gmt_modified` datetime DEFAULT NULL,
  `project_id` bigint(20) DEFAULT NULL,
  PRIMARY KEY (`id`)
) ENGINE=InnoDB AUTO_INCREMENT=46 DEFAULT CHARSET=utf8;

/*Data for the table `pms_resource` */

insert  into `pms_resource`(`id`,`resource_code`,`resource_name`,`use_type`,`pay_subject`,`dependency`,`operators`,`resource_type`,`resource_sub_type`,`charge_type`,`charge_standards`,`charge_frequency`,`charge_mode`,`charge_code`,`accounting_type`,`accounting_remark`,`unit`,`description`,`is_deleted`,`gmt_create`,`gmt_modified`,`project_id`) values (1,'DX002','语音专线－58107300~499－北京电信－福特',0,'1','','北京电信','','','','','','托收','A3280702','','','','',0,'2017-07-04 13:54:35','2017-07-04 13:54:35',5),(2,'DX003','短信通道－106980095190－北京电信',1,'1','','北京电信','','','','','','托收\r\n','A0013569185','','','','',0,'2017-07-04 14:01:40','2017-07-04 14:01:40',NULL),(3,'DX004','短信通道－10690064－北京电信',0,'1',NULL,'北京电信',NULL,NULL,NULL,NULL,NULL,'托收\r\n','A0012895077',NULL,NULL,NULL,NULL,0,NULL,NULL,22),(4,'DX005','彩信通道－10690064－北京电信',0,'1',NULL,'北京电信',NULL,NULL,NULL,NULL,NULL,'托收\r\n','A0013692015',NULL,NULL,NULL,NULL,0,NULL,NULL,22),(5,'DX006','互联网－北京昌平－北京电信(20M)',1,'1',NULL,'北京电信',NULL,NULL,NULL,NULL,NULL,'托收\r\n','A3280702',NULL,NULL,NULL,NULL,0,NULL,NULL,NULL),(6,'DX007','数据专线-北京电信德胜机房2条数字电路月租费',1,'1',NULL,'北京电信',NULL,NULL,NULL,NULL,NULL,'电汇\r\n','A3280702',NULL,NULL,NULL,NULL,0,NULL,NULL,NULL),(7,'DX007-1','数据专线－德胜门－丰田M5（SDH2M)－北京电信',0,'1',NULL,'北京电信',NULL,NULL,NULL,NULL,NULL,'电汇\r\n','A3280702',NULL,NULL,NULL,NULL,0,NULL,NULL,1),(8,'DX007-2','数据专线－德胜门－昌平（SDH4M）－北京电信',1,'1',NULL,'北京电信',NULL,NULL,NULL,NULL,NULL,'电汇\r\n','A3280702',NULL,NULL,NULL,NULL,0,NULL,NULL,NULL),(9,'DX008','4008215110－上海电信－福特',0,'1',NULL,'上海电信',NULL,NULL,NULL,NULL,NULL,'托收\r\n','-',NULL,NULL,NULL,NULL,0,NULL,NULL,5),(10,'DX009','4009210403－上海电信－福特',0,'1',NULL,'上海电信',NULL,NULL,NULL,NULL,NULL,'托收\r\n','-',NULL,NULL,NULL,NULL,0,NULL,NULL,5),(11,'DX010','语音专线－(021)36122200~399－上海电信－福特',0,'1',NULL,'上海电信',NULL,NULL,NULL,NULL,NULL,'托收\r\n','-',NULL,NULL,NULL,NULL,0,NULL,NULL,5),(12,'LT003','语音专线－89729200~399－北京联通－智驾行',0,'1',NULL,'北京联通',NULL,NULL,NULL,NULL,NULL,'托收\r\n','1113032808876791',NULL,NULL,NULL,NULL,0,NULL,NULL,22),(13,'LT004','短信通道－106980095190－北京联通',0,'1',NULL,'北京联通',NULL,NULL,NULL,NULL,NULL,'托收\r\n','ZH1111011a01r0000606547',NULL,NULL,NULL,NULL,0,NULL,NULL,22),(14,'LT005','短彩信通道－10690064－北京联通',0,'1',NULL,'北京联通',NULL,NULL,NULL,NULL,NULL,'托收\r\n','1112120704343411',NULL,NULL,NULL,NULL,0,NULL,NULL,22),(15,'LT006','互联网－北京昌平－北京联通1(20M)',1,'2',NULL,'北京联通',NULL,NULL,NULL,NULL,NULL,'电汇\r\n','ZH111102190001385170',NULL,NULL,NULL,NULL,0,NULL,NULL,NULL),(16,'LT006-1','互联网－北京昌平－北京联通3(10M)',1,'2',NULL,'北京联通',NULL,NULL,NULL,NULL,NULL,'电汇\r\n','ZH111102190001385170',NULL,NULL,NULL,NULL,0,NULL,NULL,NULL),(17,'LT009','4000095190－北京联通－智驾行',0,'1',NULL,'北京联通',NULL,NULL,NULL,NULL,NULL,'电汇\r\n','ZH11100000000000005376',NULL,NULL,NULL,NULL,0,NULL,NULL,22),(18,'QT001','95190－工信部－码号',0,'1',NULL,'工信部',NULL,NULL,NULL,NULL,NULL,'电汇\r\n','-',NULL,NULL,NULL,NULL,0,NULL,NULL,22),(19,'QT002','世纪互联上海宝山机房机柜(3个)和带宽(10M)季费',1,'1',NULL,'世纪互联',NULL,NULL,NULL,NULL,NULL,'电汇\r\n','-',NULL,NULL,NULL,NULL,0,NULL,NULL,NULL),(20,'QT002-1','机柜*3－上海宝山－世纪互联',1,'1',NULL,'世纪互联',NULL,NULL,NULL,NULL,NULL,'电汇\r\n','-',NULL,NULL,NULL,NULL,0,NULL,NULL,NULL),(21,'QT002-2','互联网－上海宝山－上海联通（10M）',1,'1',NULL,'上海联通',NULL,NULL,NULL,NULL,NULL,'托收\r\n','-',NULL,NULL,NULL,NULL,0,NULL,NULL,NULL),(22,'QT002-3','互联网－上海宝山－上海电信（10M）',1,'1',NULL,'上海电信',NULL,NULL,NULL,NULL,NULL,'托收\r\n','-',NULL,NULL,NULL,NULL,0,NULL,NULL,NULL),(23,'QT002-4','端口占用－上海宝山－福特E1',0,'1',NULL,'世纪互联',NULL,NULL,NULL,NULL,NULL,'托收\r\n','-',NULL,NULL,NULL,NULL,0,NULL,NULL,22),(24,'QT003','机柜*2－德胜机房－北京电信',1,'1',NULL,'北京电信\r\n',NULL,NULL,NULL,NULL,NULL,'托收\r\n','A3280702',NULL,NULL,NULL,NULL,0,NULL,NULL,NULL),(25,'TT001','语音专线－95190－北京铁通\r\n',1,'1',NULL,'北京铁通\r\n',NULL,NULL,NULL,NULL,NULL,'电汇\r\n','10733293',NULL,NULL,NULL,NULL,0,NULL,NULL,NULL),(26,'YD001\r\n','短信通道－106980095190－北京移动\r\n',0,'1',NULL,'北京移动\r\n',NULL,NULL,NULL,NULL,NULL,'电汇\r\n','SC13HWS5',NULL,NULL,NULL,NULL,0,NULL,NULL,22),(27,'YD002\r\n','彩信通道－106980095190－北京移动\r\n',0,'1',NULL,'北京移动\r\n',NULL,NULL,NULL,NULL,NULL,'充值卡\r\n','SC13HWS5',NULL,NULL,NULL,NULL,0,NULL,NULL,22),(28,'YM001','亿美短信通道\r\n',1,'2',NULL,'亿美\r\n',NULL,NULL,NULL,NULL,NULL,'充值卡\r\n','-',NULL,NULL,NULL,NULL,0,NULL,NULL,NULL),(29,'YM002','短信通道-10690064-北京移动-亿美\r\n',1,'1',NULL,'亿美\r\n',NULL,NULL,NULL,NULL,NULL,'托收\r\n','-',NULL,NULL,NULL,NULL,0,NULL,NULL,NULL),(30,'ZD005\r\n','八卡机－北京移动\r\n',0,'2',NULL,'北京移动\r\n',NULL,NULL,NULL,NULL,NULL,'托收\r\n','-',NULL,NULL,NULL,NULL,0,NULL,NULL,22),(31,'ZD006\r\n','八卡机－北京联通\r\n',0,'2',NULL,'北京联通\r\n',NULL,NULL,NULL,NULL,NULL,'托收\r\n','-',NULL,NULL,NULL,NULL,0,NULL,NULL,22),(32,'ZD007\r\n','语音专线－50964100~399－北京电信－丰田E-LEXUS\r\n',0,'1',NULL,'北京电信\r\n',NULL,NULL,NULL,NULL,NULL,'托收\r\n','A100012086335',NULL,NULL,NULL,NULL,0,NULL,NULL,1),(33,'ZD008\r\n','4008106968－北京电信－丰田E-LEXUS\r\n',0,'1',NULL,'北京电信\r\n',NULL,NULL,NULL,NULL,NULL,'托收\r\n','A100012121524',NULL,NULL,NULL,NULL,0,NULL,NULL,1),(34,'ZD009\r\n','4006511141－北京联通－奔驰II\r\n',0,'1',NULL,'北京联通\r\n',NULL,NULL,NULL,NULL,NULL,'托收\r\n','ZH111102190001129286',NULL,NULL,NULL,NULL,0,NULL,NULL,8),(35,'ZD010\r\n','4006511142－北京联通－奔驰II\r\n',0,'1',NULL,'北京联通\r\n',NULL,NULL,NULL,NULL,NULL,'托收\r\n','ZH111102190001129286',NULL,NULL,NULL,NULL,0,NULL,NULL,8),(36,'ZD012\r\n','4006511312－北京联通－奔驰II\r\n',0,'1',NULL,'北京联通\r\n',NULL,NULL,NULL,NULL,NULL,'托收\r\n','ZH111102190001129286',NULL,NULL,NULL,NULL,0,NULL,NULL,8),(37,'ZD013\r\n','4006511260－北京联通－奔驰II\r\n',0,'1',NULL,'北京联通\r\n',NULL,NULL,NULL,NULL,NULL,'托收\r\n','ZH111102190001129286',NULL,NULL,NULL,NULL,0,NULL,NULL,8),(38,'ZD014\r\n','4006091019－北京联通－捷豹路虎\r\n',0,'1',NULL,'北京联通\r\n',NULL,NULL,NULL,NULL,NULL,'托收\r\n','ZH1111011a01r0001172275',NULL,NULL,NULL,NULL,0,NULL,NULL,11),(39,'ZD015\r\n','4006271019－北京联通－捷豹路虎\r\n',0,'1',NULL,'北京联通',NULL,NULL,NULL,NULL,NULL,'托收\r\n','ZH1111011a01r0001172275',NULL,NULL,NULL,NULL,0,NULL,NULL,11),(40,'ZD025\r\n','数据专线－昌平-上海宝山(SDH2M)－北京电信-奔驰II\r\n',0,'1',NULL,'北京电信',NULL,NULL,NULL,NULL,NULL,'托收\r\n','A100013384039',NULL,NULL,NULL,NULL,0,NULL,NULL,8),(41,'ZD026\r\n','数据专线－昌平-数字北京奔驰IDC (SDH2M)－北京电信\r\n',0,'1',NULL,'北京电信\r\n',NULL,NULL,NULL,NULL,NULL,'托收\r\n','A100013199714',NULL,NULL,NULL,NULL,0,NULL,NULL,8),(42,'ZD027\r\n','语音专线－60849700~799－北京联通－捷豹路虎\r\n',0,'1',NULL,'北京联通\r\n',NULL,NULL,NULL,NULL,NULL,'托收\r\n','ZH11110219000207361',NULL,NULL,NULL,NULL,0,NULL,NULL,11),(43,'ZD030\r\n','语音专线－61774300~599－北京联通－保时捷\r\n',0,'1',NULL,'北京联通\r\n',NULL,NULL,NULL,NULL,NULL,'托收\r\n','ZH111102190001284654',NULL,NULL,NULL,NULL,0,NULL,NULL,12),(44,'ZD031\r\n','4006511280－北京联通－奔驰II\r\n',0,'1',NULL,'北京联通\r\n',NULL,NULL,NULL,NULL,NULL,'托收\r\n','ZH111102190001129286',NULL,NULL,NULL,NULL,0,NULL,NULL,2),(45,'LT010\r\n','4006910911-北京联通-保时捷\r\n',0,'1',NULL,'北京联通\r\n',NULL,NULL,NULL,NULL,NULL,'托收\r\n','ZH111102190001598033',NULL,NULL,NULL,NULL,0,NULL,NULL,12);

/*Table structure for table `pms_resource_amount` */

DROP TABLE IF EXISTS `pms_resource_amount`;

CREATE TABLE `pms_resource_amount` (
  `id` bigint(20) unsigned NOT NULL AUTO_INCREMENT,
  `approval_status` tinyint(4) NOT NULL,
  `affiliation_date` date NOT NULL,
  PRIMARY KEY (`id`)
) ENGINE=InnoDB AUTO_INCREMENT=4 DEFAULT CHARSET=utf8;

/*Data for the table `pms_resource_amount` */

insert  into `pms_resource_amount`(`id`,`approval_status`,`affiliation_date`) values (3,3,'2017-06-01');

/*Table structure for table `pms_resource_amount_detail` */

DROP TABLE IF EXISTS `pms_resource_amount_detail`;

CREATE TABLE `pms_resource_amount_detail` (
  `id` bigint(20) unsigned NOT NULL AUTO_INCREMENT,
  `resource_amount_id` bigint(20) unsigned NOT NULL,
  `resource_code` varchar(50) DEFAULT NULL,
  PRIMARY KEY (`id`)
) ENGINE=InnoDB AUTO_INCREMENT=43 DEFAULT CHARSET=utf8;

/*Data for the table `pms_resource_amount_detail` */

insert  into `pms_resource_amount_detail`(`id`,`resource_amount_id`,`resource_code`) values (29,3,'DX003'),(30,3,'DX006'),(31,3,'DX007'),(32,3,'DX007-2'),(33,3,'LT006'),(34,3,'LT006-1'),(35,3,'QT002'),(36,3,'QT002-1'),(37,3,'QT002-2'),(38,3,'QT002-3'),(39,3,'QT003'),(40,3,'TT001'),(41,3,'YM001'),(42,3,'YM002');

/*Table structure for table `pms_resource_amount_project_detail` */

DROP TABLE IF EXISTS `pms_resource_amount_project_detail`;

CREATE TABLE `pms_resource_amount_project_detail` (
  `id` bigint(20) unsigned NOT NULL AUTO_INCREMENT,
  `resource_amount_detail_id` bigint(20) NOT NULL,
  `project_code` varchar(50) DEFAULT NULL,
  `scale` decimal(10,2) unsigned DEFAULT NULL,
  PRIMARY KEY (`id`)
) ENGINE=InnoDB AUTO_INCREMENT=115 DEFAULT CHARSET=utf8;

/*Data for the table `pms_resource_amount_project_detail` */

insert  into `pms_resource_amount_project_detail`(`id`,`resource_amount_detail_id`,`project_code`,`scale`) values (77,29,'P-002-2009-C-V','1.00'),(78,30,'P-001-2015-C-V','1.00'),(79,31,'P-001-2015-C-V','1.00'),(80,32,'P-001-2009-C-V','1.00'),(81,33,'P-001-2009-C-V','1.00'),(82,34,'P-001-2012-C-V','1.00'),(83,35,'P-001-2009-C-V','0.35'),(84,35,'P-002-2009-C-V','0.03'),(85,35,'P-001-2010-C-V','0.03'),(86,35,'P-001-2012-C-V','0.01'),(87,35,'P-002-2012-C-V','0.02'),(88,35,'P-001-2015-C-V','0.25'),(89,35,'P-010-2015-C-V','0.06'),(90,35,'P-011-2015-C-V','0.05'),(91,35,'P-007-2016-C-V','0.20'),(92,36,'P-001-2009-C-V','0.66'),(93,36,'P-002-2009-C-V','0.05'),(94,36,'P-001-2010-C-V','0.05'),(95,36,'P-002-2015-C-V','0.03'),(96,36,'P-014-2016-C-V','0.08'),(97,36,'P-009-2015-S-V','0.06'),(98,36,'P-011-2015-C-V','0.02'),(99,36,'P-001-2014-C-V','0.05'),(100,37,'P-001-2009-C-V','0.40'),(101,37,'P-002-2009-C-V','0.05'),(102,37,'P-001-2010-C-V','0.12'),(103,37,'P-002-2015-C-V','0.05'),(104,37,'P-014-2016-C-V','0.12'),(105,37,'P-009-2015-S-V','0.10'),(106,37,'P-011-2015-C-V','0.02'),(107,37,'P-001-2014-C-V','0.14'),(108,38,'P-001-2009-C-V','0.15'),(109,38,'P-002-2009-C-V','0.35'),(110,38,'P-001-2010-C-V','0.50'),(111,39,'P-011-2015-C-V','1.00'),(112,40,'P-001-2015-C-V','1.00'),(113,41,'P-999-9999-9-9','1.00'),(114,42,'P-010-2015-C-V','1.00');

/*Table structure for table `pms_resource_cast` */

DROP TABLE IF EXISTS `pms_resource_cast`;

CREATE TABLE `pms_resource_cast` (
  `id` bigint(20) unsigned NOT NULL AUTO_INCREMENT,
  `affiliation_date` date NOT NULL,
  `pre_tax_cast` decimal(10,2) DEFAULT NULL,
  `tas_money` decimal(10,2) DEFAULT NULL,
  `after_tax_cast` decimal(10,2) DEFAULT NULL,
  `description` varchar(500) DEFAULT NULL,
  `approval_status` tinyint(3) unsigned NOT NULL,
  PRIMARY KEY (`id`)
) ENGINE=InnoDB AUTO_INCREMENT=5 DEFAULT CHARSET=utf8;

/*Data for the table `pms_resource_cast` */

insert  into `pms_resource_cast`(`id`,`affiliation_date`,`pre_tax_cast`,`tas_money`,`after_tax_cast`,`description`,`approval_status`) values (3,'2017-05-01','111.00','22.00','89.00','ttt',0),(4,'2017-06-01','4995.00','225.00','4770.00','77777777777777777',3);

/*Table structure for table `pms_resource_cast_detail` */

DROP TABLE IF EXISTS `pms_resource_cast_detail`;

CREATE TABLE `pms_resource_cast_detail` (
  `id` bigint(20) unsigned NOT NULL AUTO_INCREMENT,
  `resource_cast_id` bigint(20) unsigned NOT NULL,
  `resource_id` bigint(20) NOT NULL,
  `pre_tax_cast` decimal(10,2) DEFAULT NULL,
  `tas_money` decimal(10,2) DEFAULT NULL,
  `after_tax_cast` decimal(10,2) DEFAULT NULL,
  `description` varchar(500) DEFAULT NULL,
  PRIMARY KEY (`id`)
) ENGINE=InnoDB AUTO_INCREMENT=271 DEFAULT CHARSET=utf8;

/*Data for the table `pms_resource_cast_detail` */

insert  into `pms_resource_cast_detail`(`id`,`resource_cast_id`,`resource_id`,`pre_tax_cast`,`tas_money`,`after_tax_cast`,`description`) values (181,4,1,'111.00','1.00','110.00',''),(182,4,2,'111.00','2.00','109.00',''),(183,4,3,'111.00','3.00','108.00',''),(184,4,4,'111.00','4.00','107.00',''),(185,4,5,'111.00','5.00','106.00',''),(186,4,6,'111.00','6.00','105.00',''),(187,4,7,'111.00','7.00','104.00',''),(188,4,8,'111.00','8.00','103.00',''),(189,4,9,'111.00','9.00','102.00',''),(190,4,10,'111.00','1.00','110.00',''),(191,4,11,'111.00','2.00','109.00',''),(192,4,12,'111.00','3.00','108.00',''),(193,4,13,'111.00','4.00','107.00',''),(194,4,14,'111.00','5.00','106.00',''),(195,4,15,'111.00','6.00','105.00',''),(196,4,16,'111.00','7.00','104.00',''),(197,4,17,'111.00','8.00','103.00',''),(198,4,18,'111.00','9.00','102.00',''),(199,4,19,'111.00','1.00','110.00',''),(200,4,20,'111.00','2.00','109.00',''),(201,4,21,'111.00','3.00','108.00',''),(202,4,22,'111.00','4.00','107.00',''),(203,4,23,'111.00','5.00','106.00',''),(204,4,24,'111.00','6.00','105.00',''),(205,4,25,'111.00','7.00','104.00',''),(206,4,26,'111.00','8.00','103.00',''),(207,4,27,'111.00','9.00','102.00',''),(208,4,28,'111.00','1.00','110.00',''),(209,4,29,'111.00','2.00','109.00',''),(210,4,30,'111.00','3.00','108.00',''),(211,4,31,'111.00','4.00','107.00',''),(212,4,32,'111.00','5.00','106.00',''),(213,4,33,'111.00','6.00','105.00',''),(214,4,34,'111.00','7.00','104.00',''),(215,4,35,'111.00','8.00','103.00',''),(216,4,36,'111.00','9.00','102.00',''),(217,4,37,'111.00','1.00','110.00',''),(218,4,38,'111.00','2.00','109.00',''),(219,4,39,'111.00','3.00','108.00',''),(220,4,40,'111.00','4.00','107.00',''),(221,4,41,'111.00','5.00','106.00',''),(222,4,42,'111.00','6.00','105.00',''),(223,4,43,'111.00','7.00','104.00',''),(224,4,44,'111.00','8.00','103.00',''),(225,4,45,'111.00','9.00','102.00',''),(226,3,1,'111.00','22.00','89.00',''),(227,3,2,'0.00','0.00','0.00',''),(228,3,3,'0.00','0.00','0.00',''),(229,3,4,'0.00','0.00','0.00',''),(230,3,5,'0.00','0.00','0.00',''),(231,3,6,'0.00','0.00','0.00',''),(232,3,7,'0.00','0.00','0.00',''),(233,3,8,'0.00','0.00','0.00',''),(234,3,9,'0.00','0.00','0.00',''),(235,3,10,'0.00','0.00','0.00',''),(236,3,11,'0.00','0.00','0.00',''),(237,3,12,'0.00','0.00','0.00',''),(238,3,13,'0.00','0.00','0.00',''),(239,3,14,'0.00','0.00','0.00',''),(240,3,15,'0.00','0.00','0.00',''),(241,3,16,'0.00','0.00','0.00',''),(242,3,17,'0.00','0.00','0.00',''),(243,3,18,'0.00','0.00','0.00',''),(244,3,19,'0.00','0.00','0.00',''),(245,3,20,'0.00','0.00','0.00',''),(246,3,21,'0.00','0.00','0.00',''),(247,3,22,'0.00','0.00','0.00',''),(248,3,23,'0.00','0.00','0.00',''),(249,3,24,'0.00','0.00','0.00',''),(250,3,25,'0.00','0.00','0.00',''),(251,3,26,'0.00','0.00','0.00',''),(252,3,27,'0.00','0.00','0.00',''),(253,3,28,'0.00','0.00','0.00',''),(254,3,29,'0.00','0.00','0.00',''),(255,3,30,'0.00','0.00','0.00',''),(256,3,31,'0.00','0.00','0.00',''),(257,3,32,'0.00','0.00','0.00',''),(258,3,33,'0.00','0.00','0.00',''),(259,3,34,'0.00','0.00','0.00',''),(260,3,35,'0.00','0.00','0.00',''),(261,3,36,'0.00','0.00','0.00',''),(262,3,37,'0.00','0.00','0.00',''),(263,3,38,'0.00','0.00','0.00',''),(264,3,39,'0.00','0.00','0.00',''),(265,3,40,'0.00','0.00','0.00',''),(266,3,41,'0.00','0.00','0.00',''),(267,3,42,'0.00','0.00','0.00',''),(268,3,43,'0.00','0.00','0.00',''),(269,3,44,'0.00','0.00','0.00',''),(270,3,45,'0.00','0.00','0.00','');

/*Table structure for table `pms_resource_cast_report` */

DROP TABLE IF EXISTS `pms_resource_cast_report`;

CREATE TABLE `pms_resource_cast_report` (
  `id` bigint(20) unsigned NOT NULL AUTO_INCREMENT,
  `resource_code` varchar(20) NOT NULL,
  `project_code` varchar(20) DEFAULT NULL,
  `affiliation_date` date NOT NULL,
  `pre_tax_cast` decimal(10,2) unsigned NOT NULL,
  `tas_money` decimal(10,2) unsigned NOT NULL,
  `after_tax_cast` decimal(10,2) unsigned NOT NULL,
  PRIMARY KEY (`id`)
) ENGINE=InnoDB AUTO_INCREMENT=377 DEFAULT CHARSET=utf8;

/*Data for the table `pms_resource_cast_report` */

insert  into `pms_resource_cast_report`(`id`,`resource_code`,`project_code`,`affiliation_date`,`pre_tax_cast`,`tas_money`,`after_tax_cast`) values (283,'DX003','P-002-2009-C-V','2017-06-01','111.00','2.00','109.00'),(284,'DX006','P-001-2015-C-V','2017-06-01','111.00','5.00','106.00'),(285,'DX007','P-001-2015-C-V','2017-06-01','111.00','6.00','105.00'),(286,'DX007-2','P-001-2009-C-V','2017-06-01','111.00','8.00','103.00'),(287,'LT006','P-001-2009-C-V','2017-06-01','111.00','6.00','105.00'),(288,'LT006-1','P-001-2012-C-V','2017-06-01','111.00','7.00','104.00'),(289,'QT002','P-001-2009-C-V','2017-06-01','38.85','0.35','38.50'),(290,'QT002','P-002-2009-C-V','2017-06-01','3.33','0.03','3.30'),(291,'QT002','P-001-2010-C-V','2017-06-01','3.33','0.03','3.30'),(292,'QT002','P-001-2012-C-V','2017-06-01','1.11','0.01','1.10'),(293,'QT002','P-002-2012-C-V','2017-06-01','2.22','0.02','2.20'),(294,'QT002','P-001-2015-C-V','2017-06-01','27.75','0.25','27.50'),(295,'QT002','P-010-2015-C-V','2017-06-01','6.66','0.06','6.60'),(296,'QT002','P-011-2015-C-V','2017-06-01','5.55','0.05','5.50'),(297,'QT002','P-007-2016-C-V','2017-06-01','22.20','0.20','22.00'),(298,'QT002-1','P-001-2009-C-V','2017-06-01','73.26','1.32','71.94'),(299,'QT002-1','P-002-2009-C-V','2017-06-01','5.55','0.10','5.45'),(300,'QT002-1','P-001-2010-C-V','2017-06-01','5.55','0.10','5.45'),(301,'QT002-1','P-002-2015-C-V','2017-06-01','3.33','0.06','3.27'),(302,'QT002-1','P-014-2016-C-V','2017-06-01','8.88','0.16','8.72'),(303,'QT002-1','P-009-2015-S-V','2017-06-01','6.66','0.12','6.54'),(304,'QT002-1','P-011-2015-C-V','2017-06-01','2.22','0.04','2.18'),(305,'QT002-1','P-001-2014-C-V','2017-06-01','5.55','0.10','5.45'),(306,'QT002-2','P-001-2009-C-V','2017-06-01','44.40','1.20','43.20'),(307,'QT002-2','P-002-2009-C-V','2017-06-01','5.55','0.15','5.40'),(308,'QT002-2','P-001-2010-C-V','2017-06-01','13.32','0.36','12.96'),(309,'QT002-2','P-002-2015-C-V','2017-06-01','5.55','0.15','5.40'),(310,'QT002-2','P-014-2016-C-V','2017-06-01','13.32','0.36','12.96'),(311,'QT002-2','P-009-2015-S-V','2017-06-01','11.10','0.30','10.80'),(312,'QT002-2','P-011-2015-C-V','2017-06-01','2.22','0.06','2.16'),(313,'QT002-2','P-001-2014-C-V','2017-06-01','15.54','0.42','15.12'),(314,'QT002-3','P-001-2009-C-V','2017-06-01','16.65','0.60','16.05'),(315,'QT002-3','P-002-2009-C-V','2017-06-01','38.85','1.40','37.45'),(316,'QT002-3','P-001-2010-C-V','2017-06-01','55.50','2.00','53.50'),(317,'QT003','P-011-2015-C-V','2017-06-01','111.00','6.00','105.00'),(318,'TT001','P-001-2015-C-V','2017-06-01','111.00','7.00','104.00'),(319,'YM001','P-999-9999-9-9','2017-06-01','111.00','1.00','110.00'),(320,'YM002','P-010-2015-C-V','2017-06-01','111.00','2.00','109.00'),(346,'DX002','P-001-2012-C-V','2017-06-01','111.00','1.00','110.00'),(347,'DX004','P-004-2017-S-N','2017-06-01','111.00','3.00','108.00'),(348,'DX005','P-004-2017-S-N','2017-06-01','111.00','4.00','107.00'),(349,'DX007-1','P-001-2009-C-V','2017-06-01','111.00','7.00','104.00'),(350,'DX008','P-001-2012-C-V','2017-06-01','111.00','9.00','102.00'),(351,'DX009','P-001-2012-C-V','2017-06-01','111.00','1.00','110.00'),(352,'DX010','P-001-2012-C-V','2017-06-01','111.00','2.00','109.00'),(353,'LT003','P-004-2017-S-N','2017-06-01','111.00','3.00','108.00'),(354,'LT004','P-004-2017-S-N','2017-06-01','111.00','4.00','107.00'),(355,'LT005','P-004-2017-S-N','2017-06-01','111.00','5.00','106.00'),(356,'LT009','P-004-2017-S-N','2017-06-01','111.00','8.00','103.00'),(357,'QT001','P-004-2017-S-N','2017-06-01','111.00','9.00','102.00'),(358,'QT002-4','P-004-2017-S-N','2017-06-01','111.00','5.00','106.00'),(359,'YD001\r\n','P-004-2017-S-N','2017-06-01','111.00','8.00','103.00'),(360,'YD002\r\n','P-004-2017-S-N','2017-06-01','111.00','9.00','102.00'),(361,'ZD005\r\n','P-004-2017-S-N','2017-06-01','111.00','3.00','108.00'),(362,'ZD006\r\n','P-004-2017-S-N','2017-06-01','111.00','4.00','107.00'),(363,'ZD007\r\n','P-001-2009-C-V','2017-06-01','111.00','5.00','106.00'),(364,'ZD008\r\n','P-001-2009-C-V','2017-06-01','111.00','6.00','105.00'),(365,'ZD009\r\n','P-001-2015-C-V','2017-06-01','111.00','7.00','104.00'),(366,'ZD010\r\n','P-001-2015-C-V','2017-06-01','111.00','8.00','103.00'),(367,'ZD012\r\n','P-001-2015-C-V','2017-06-01','111.00','9.00','102.00'),(368,'ZD013\r\n','P-001-2015-C-V','2017-06-01','111.00','1.00','110.00'),(369,'ZD014\r\n','P-010-2015-C-V','2017-06-01','111.00','2.00','109.00'),(370,'ZD015\r\n','P-010-2015-C-V','2017-06-01','111.00','3.00','108.00'),(371,'ZD025\r\n','P-001-2015-C-V','2017-06-01','111.00','4.00','107.00'),(372,'ZD026\r\n','P-001-2015-C-V','2017-06-01','111.00','5.00','106.00'),(373,'ZD027\r\n','P-010-2015-C-V','2017-06-01','111.00','6.00','105.00'),(374,'ZD030\r\n','P-011-2015-C-V','2017-06-01','111.00','7.00','104.00'),(375,'ZD031\r\n','P-002-2009-C-V','2017-06-01','111.00','8.00','103.00'),(376,'LT010\r\n','P-011-2015-C-V','2017-06-01','111.00','9.00','102.00');

/*Table structure for table `pms_workflow_permission` */

DROP TABLE IF EXISTS `pms_workflow_permission`;

CREATE TABLE `pms_workflow_permission` (
  `id` bigint(20) unsigned NOT NULL AUTO_INCREMENT,
  `approver_id` bigint(20) unsigned NOT NULL,
  `employee_id` bigint(20) unsigned NOT NULL,
  `function_id` bigint(20) unsigned NOT NULL,
  PRIMARY KEY (`id`)
) ENGINE=InnoDB AUTO_INCREMENT=176 DEFAULT CHARSET=utf8;

/*Data for the table `pms_workflow_permission` */

insert  into `pms_workflow_permission`(`id`,`approver_id`,`employee_id`,`function_id`) values (33,60,60,21),(34,60,61,21),(35,60,62,21),(36,60,63,21),(37,60,64,21),(38,60,65,21),(39,60,66,21),(40,60,67,21),(41,60,68,21),(42,60,69,21),(43,60,70,21),(44,60,71,21),(45,60,72,21),(46,60,73,21),(47,60,74,21),(48,60,75,21),(49,60,76,21),(50,60,77,21),(51,60,78,21),(52,60,79,21),(53,60,80,21),(54,60,81,21),(55,60,82,21),(56,60,83,21),(57,60,84,21),(58,60,85,21),(59,60,86,21),(60,60,87,21),(61,60,88,21),(62,60,89,21),(63,60,90,21),(64,60,91,21),(65,60,92,21),(66,60,93,21),(67,60,94,21),(68,60,95,21),(69,60,96,21),(75,36,37,20),(76,36,38,20),(77,36,39,20),(78,36,36,20),(79,30,31,20),(80,30,32,20),(81,30,33,20),(82,30,34,20),(83,30,35,20),(84,30,30,20),(85,40,40,20),(86,40,41,20),(87,40,42,20),(88,40,43,20),(89,40,44,20),(90,45,45,20),(91,45,46,20),(92,45,47,20),(93,48,48,20),(94,48,49,20),(95,48,50,20),(96,51,51,20),(97,52,52,20),(98,52,53,20),(99,52,54,20),(100,52,55,20),(101,52,56,20),(102,52,57,20),(103,52,58,20),(104,52,59,20),(105,80,81,20),(106,80,82,20),(107,80,83,20),(108,80,84,20),(109,80,85,20),(110,80,86,20),(111,80,87,20),(112,80,88,20),(113,80,89,20),(114,80,91,20),(115,80,90,20),(116,80,92,20),(117,80,93,20),(118,80,94,20),(119,80,95,20),(120,80,96,20),(121,80,80,20),(122,72,73,20),(123,72,74,20),(124,72,75,20),(125,72,76,20),(126,72,72,20),(127,77,78,20),(128,77,79,20),(129,77,77,20),(130,67,68,20),(131,67,69,20),(132,67,70,20),(133,67,71,20),(134,67,67,20),(135,63,64,20),(136,63,65,20),(137,63,66,20),(138,63,63,20),(139,28,28,20),(140,60,60,20),(141,62,62,20),(142,61,61,20),(143,28,28,21),(144,28,29,21),(145,28,30,21),(146,28,31,21),(147,28,32,21),(148,28,33,21),(149,28,34,21),(150,28,35,21),(151,28,36,21),(152,28,37,21),(153,28,38,21),(154,28,39,21),(155,28,40,21),(156,28,41,21),(157,28,42,21),(158,28,43,21),(159,28,44,21),(160,28,45,21),(161,28,46,21),(162,28,47,21),(163,28,48,21),(164,28,49,21),(165,28,50,21),(166,28,51,21),(167,28,52,21),(168,28,53,21),(169,28,54,21),(170,28,55,21),(171,28,56,21),(172,28,57,21),(173,28,58,21),(174,28,59,21),(175,29,29,20);

/*Table structure for table `pms_workschedule` */

DROP TABLE IF EXISTS `pms_workschedule`;

CREATE TABLE `pms_workschedule` (
  `id` bigint(20) unsigned NOT NULL AUTO_INCREMENT,
  `employee_id` bigint(20) unsigned NOT NULL,
  `create_date` date NOT NULL,
  `approval_status` tinyint(3) unsigned NOT NULL,
  `total_work_time` smallint(6) NOT NULL,
  PRIMARY KEY (`id`)
) ENGINE=InnoDB AUTO_INCREMENT=21 DEFAULT CHARSET=utf8;

/*Data for the table `pms_workschedule` */

insert  into `pms_workschedule`(`id`,`employee_id`,`create_date`,`approval_status`,`total_work_time`) values (1,73,'2017-06-13',1,10),(2,73,'2017-06-12',1,9),(3,73,'2017-06-11',1,10),(4,73,'2017-06-10',1,9),(5,73,'2017-06-09',1,15),(6,80,'2017-06-13',3,11),(7,83,'2017-06-13',3,11),(8,60,'2017-06-13',3,11),(9,60,'2017-06-11',3,11),(10,83,'2017-06-12',3,11),(11,73,'2017-06-01',3,11),(12,81,'2017-06-14',3,10),(13,72,'2017-06-14',3,11),(14,81,'2017-06-13',3,11),(15,72,'2017-06-13',3,11),(16,81,'2017-06-12',3,11),(17,81,'2017-06-11',3,9),(18,73,'2017-06-14',2,11),(19,73,'2017-06-16',2,8),(20,73,'2017-06-17',0,1);

/*Table structure for table `pms_workschedule_detail` */

DROP TABLE IF EXISTS `pms_workschedule_detail`;

CREATE TABLE `pms_workschedule_detail` (
  `id` bigint(20) unsigned NOT NULL AUTO_INCREMENT,
  `workschedule_id` bigint(20) unsigned DEFAULT NULL,
  `project_id` bigint(20) unsigned DEFAULT NULL,
  `work_time` tinyint(3) unsigned DEFAULT NULL,
  `description` varchar(500) DEFAULT NULL,
  `is_confirm` tinyint(1) unsigned DEFAULT '0',
  PRIMARY KEY (`id`)
) ENGINE=InnoDB AUTO_INCREMENT=103 DEFAULT CHARSET=utf8;

/*Data for the table `pms_workschedule_detail` */

insert  into `pms_workschedule_detail`(`id`,`workschedule_id`,`project_id`,`work_time`,`description`,`is_confirm`) values (16,3,4,5,'',0),(17,3,5,5,'',0),(18,2,1,3,'',0),(19,2,2,3,'',0),(20,2,3,3,'',0),(21,1,4,5,'',0),(22,1,5,5,'',0),(23,6,3,11,'',1),(24,7,6,11,'',0),(25,8,5,11,'',0),(26,9,3,11,'',1),(27,10,1,11,'',1),(28,11,1,11,'',1),(60,4,1,3,'q',0),(61,4,2,3,'w',0),(62,4,3,3,'e',0),(68,5,1,3,'qq13',0),(69,5,2,3,'qq23',0),(70,5,3,3,'qq33',0),(71,5,4,3,'qq43',0),(72,5,5,3,'qq53',0),(73,13,3,11,'',1),(74,14,2,11,'',0),(75,15,5,11,'',0),(76,16,5,11,'',0),(77,17,1,3,'',1),(78,17,2,3,'',0),(79,17,3,3,'',1),(80,12,4,4,'',0),(81,12,5,6,'',0),(91,18,1,11,'tasasaa334',0),(92,19,15,4,'',0),(93,19,27,4,'',0),(102,20,2,1,'ttt',0);

/*Table structure for table `pms_workschedule_month` */

DROP TABLE IF EXISTS `pms_workschedule_month`;

CREATE TABLE `pms_workschedule_month` (
  `id` bigint(20) unsigned NOT NULL AUTO_INCREMENT,
  `affiliation_date` date NOT NULL,
  `worktime` decimal(10,2) NOT NULL,
  `approval_status` tinyint(4) NOT NULL,
  PRIMARY KEY (`id`)
) ENGINE=InnoDB AUTO_INCREMENT=4 DEFAULT CHARSET=utf8;

/*Data for the table `pms_workschedule_month` */

insert  into `pms_workschedule_month`(`id`,`affiliation_date`,`worktime`,`approval_status`) values (3,'2017-06-01','168.00',1);

/*Table structure for table `pms_workschedule_month_detail` */

DROP TABLE IF EXISTS `pms_workschedule_month_detail`;

CREATE TABLE `pms_workschedule_month_detail` (
  `id` bigint(20) unsigned NOT NULL AUTO_INCREMENT,
  `workschedule_month_id` bigint(20) NOT NULL,
  `employee_code` varchar(20) NOT NULL,
  PRIMARY KEY (`id`)
) ENGINE=InnoDB AUTO_INCREMENT=163 DEFAULT CHARSET=utf8;

/*Data for the table `pms_workschedule_month_detail` */

insert  into `pms_workschedule_month_detail`(`id`,`workschedule_month_id`,`employee_code`) values (109,3,'ZL00006'),(110,3,'ZL00023'),(111,3,'ZL00424'),(112,3,'ZL00219'),(113,3,'ZL00016'),(114,3,'ZL00075'),(115,3,'ZL00164'),(116,3,'ZL00204'),(117,3,'ZL00150'),(118,3,'ZL00157'),(119,3,'ZL00098'),(120,3,'ZL00070'),(121,3,'ZL00295'),(122,3,'ZL00432'),(123,3,'ZL00429'),(124,3,'ZL00089'),(125,3,'ZL00121'),(126,3,'ZL00159'),(127,3,'ZL00114'),(128,3,'ZL00205'),(129,3,'ZL00400'),(130,3,'ZL00251'),(131,3,'ZL00252'),(132,3,'ZL00253'),(133,3,'ZL00445'),(134,3,'ZL00449'),(135,3,'ZL00450'),(136,3,'ZL00024'),(137,3,'ZL00052'),(138,3,'ZL00069'),(139,3,'ZL00081'),(140,3,'ZL00447'),(141,3,'ZL00513'),(142,3,'ZL00515'),(143,3,'ZL00522'),(144,3,'ZL00255'),(145,3,'ZL00026'),(146,3,'ZL00439'),(147,3,'ZL00129'),(148,3,'ZL00003'),(149,3,'ZL00027'),(150,3,'ZL00031'),(151,3,'ZL00039'),(152,3,'ZL00446'),(153,3,'ZL00448'),(154,3,'ZL00451'),(155,3,'ZL00514'),(156,3,'ZL00033'),(157,3,'ZL00096'),(158,3,'ZL00072'),(159,3,'ZL00173'),(160,3,'ZL00036'),(161,3,'ZL00229'),(162,3,'ZL00106');

/*Table structure for table `pms_workschedule_month_project_detail` */

DROP TABLE IF EXISTS `pms_workschedule_month_project_detail`;

CREATE TABLE `pms_workschedule_month_project_detail` (
  `id` bigint(20) unsigned NOT NULL AUTO_INCREMENT,
  `workschedule_month_detail_id` bigint(20) NOT NULL,
  `project_code` varchar(20) NOT NULL,
  `worktime` decimal(10,1) NOT NULL,
  PRIMARY KEY (`id`)
) ENGINE=InnoDB AUTO_INCREMENT=4429 DEFAULT CHARSET=utf8;

/*Data for the table `pms_workschedule_month_project_detail` */

insert  into `pms_workschedule_month_project_detail`(`id`,`workschedule_month_detail_id`,`project_code`,`worktime`) values (2215,109,'P-001-2009-C-V','0.0'),(2216,109,'P-002-2009-C-V','0.0'),(2217,109,'P-001-2012-C-V','0.0'),(2218,109,'P-001-2010-C-V','0.0'),(2219,109,'P-001-2015-C-V','0.0'),(2220,109,'P-002-2012-C-V','0.0'),(2221,109,'P-013-2016-C-V','0.0'),(2222,109,'P-010-2015-C-V','0.0'),(2223,109,'P-011-2015-C-V','0.0'),(2224,109,'P-007-2016-C-V','0.0'),(2225,109,'P-005-2016-C-V','0.0'),(2226,109,'P-008-2016-C-V','0.0'),(2227,109,'P-009-2016-C-V','0.0'),(2228,109,'P-023-2017-C-N','0.0'),(2229,109,'P-028-2017-C-N','0.0'),(2230,109,'P-025-2017-C-V','0.0'),(2231,109,'P-005-2015-C-V','0.0'),(2232,109,'P-012-2016-C-V','0.0'),(2233,109,'P-004-2016-C-V','0.0'),(2234,109,'P-021-2017-C-V','0.0'),(2235,109,'P-009-2017-C-N','0.0'),(2236,109,'P-001-2017-C-V','0.0'),(2237,109,'P-008-2017-C-V','0.0'),(2238,109,'P-027-2017-C-N','0.0'),(2239,109,'P-013-2016-C-N','0.0'),(2240,109,'P-001-2014-C-V','0.0'),(2241,109,'P-007-2017-C-V','0.0'),(2242,109,'P-017-2017-C-V','0.0'),(2243,109,'P-018-2017-C-V','0.0'),(2244,109,'P-019-2017-C-N','0.0'),(2245,109,'P-023-2017-C-V','0.0'),(2246,109,'P-026-2017-C-V','0.0'),(2247,109,'P-029-2017-C-N','0.0'),(2248,109,'P-010-2017-S-N','0.0'),(2249,109,'P-011-2017-S-I','0.0'),(2250,109,'P-012-2017-S-I','0.0'),(2251,109,'P-013-2017-S-V','0.0'),(2252,109,'P-014-2017-S-I','0.0'),(2253,109,'P-015-2017-S-V','0.0'),(2254,109,'P-888-8888-8-8','0.0'),(2255,109,'P-999-9999-9-9','168.0'),(2256,110,'P-001-2009-C-V','0.0'),(2257,110,'P-002-2009-C-V','0.0'),(2258,110,'P-001-2012-C-V','0.0'),(2259,110,'P-001-2010-C-V','0.0'),(2260,110,'P-001-2015-C-V','0.0'),(2261,110,'P-002-2012-C-V','0.0'),(2262,110,'P-013-2016-C-V','0.0'),(2263,110,'P-010-2015-C-V','0.0'),(2264,110,'P-011-2015-C-V','0.0'),(2265,110,'P-007-2016-C-V','0.0'),(2266,110,'P-005-2016-C-V','0.0'),(2267,110,'P-008-2016-C-V','0.0'),(2268,110,'P-009-2016-C-V','0.0'),(2269,110,'P-023-2017-C-N','0.0'),(2270,110,'P-028-2017-C-N','0.0'),(2271,110,'P-025-2017-C-V','0.0'),(2272,110,'P-005-2015-C-V','0.0'),(2273,110,'P-012-2016-C-V','0.0'),(2274,110,'P-004-2016-C-V','0.0'),(2275,110,'P-021-2017-C-V','0.0'),(2276,110,'P-009-2017-C-N','0.0'),(2277,110,'P-001-2017-C-V','0.0'),(2278,110,'P-008-2017-C-V','0.0'),(2279,110,'P-027-2017-C-N','0.0'),(2280,110,'P-013-2016-C-N','0.0'),(2281,110,'P-001-2014-C-V','0.0'),(2282,110,'P-007-2017-C-V','0.0'),(2283,110,'P-017-2017-C-V','0.0'),(2284,110,'P-018-2017-C-V','0.0'),(2285,110,'P-019-2017-C-N','0.0'),(2286,110,'P-023-2017-C-V','0.0'),(2287,110,'P-026-2017-C-V','0.0'),(2288,110,'P-029-2017-C-N','0.0'),(2289,110,'P-010-2017-S-N','0.0'),(2290,110,'P-011-2017-S-I','0.0'),(2291,110,'P-012-2017-S-I','0.0'),(2292,110,'P-013-2017-S-V','0.0'),(2293,110,'P-014-2017-S-I','0.0'),(2294,110,'P-015-2017-S-V','0.0'),(2295,110,'P-888-8888-8-8','0.0'),(2296,110,'P-999-9999-9-9','168.0'),(2297,111,'P-001-2009-C-V','0.0'),(2298,111,'P-002-2009-C-V','0.0'),(2299,111,'P-001-2012-C-V','0.0'),(2300,111,'P-001-2010-C-V','0.0'),(2301,111,'P-001-2015-C-V','0.0'),(2302,111,'P-002-2012-C-V','0.0'),(2303,111,'P-013-2016-C-V','0.0'),(2304,111,'P-010-2015-C-V','0.0'),(2305,111,'P-011-2015-C-V','0.0'),(2306,111,'P-007-2016-C-V','0.0'),(2307,111,'P-005-2016-C-V','0.0'),(2308,111,'P-008-2016-C-V','0.0'),(2309,111,'P-009-2016-C-V','0.0'),(2310,111,'P-023-2017-C-N','0.0'),(2311,111,'P-028-2017-C-N','0.0'),(2312,111,'P-025-2017-C-V','0.0'),(2313,111,'P-005-2015-C-V','0.0'),(2314,111,'P-012-2016-C-V','0.0'),(2315,111,'P-004-2016-C-V','0.0'),(2316,111,'P-021-2017-C-V','0.0'),(2317,111,'P-009-2017-C-N','0.0'),(2318,111,'P-001-2017-C-V','0.0'),(2319,111,'P-008-2017-C-V','0.0'),(2320,111,'P-027-2017-C-N','0.0'),(2321,111,'P-013-2016-C-N','0.0'),(2322,111,'P-001-2014-C-V','0.0'),(2323,111,'P-007-2017-C-V','0.0'),(2324,111,'P-017-2017-C-V','0.0'),(2325,111,'P-018-2017-C-V','0.0'),(2326,111,'P-019-2017-C-N','0.0'),(2327,111,'P-023-2017-C-V','0.0'),(2328,111,'P-026-2017-C-V','0.0'),(2329,111,'P-029-2017-C-N','0.0'),(2330,111,'P-010-2017-S-N','0.0'),(2331,111,'P-011-2017-S-I','0.0'),(2332,111,'P-012-2017-S-I','0.0'),(2333,111,'P-013-2017-S-V','0.0'),(2334,111,'P-014-2017-S-I','0.0'),(2335,111,'P-015-2017-S-V','0.0'),(2336,111,'P-888-8888-8-8','0.0'),(2337,111,'P-999-9999-9-9','168.0'),(2338,112,'P-001-2009-C-V','0.0'),(2339,112,'P-002-2009-C-V','0.0'),(2340,112,'P-001-2012-C-V','0.0'),(2341,112,'P-001-2010-C-V','0.0'),(2342,112,'P-001-2015-C-V','0.0'),(2343,112,'P-002-2012-C-V','0.0'),(2344,112,'P-013-2016-C-V','0.0'),(2345,112,'P-010-2015-C-V','0.0'),(2346,112,'P-011-2015-C-V','0.0'),(2347,112,'P-007-2016-C-V','0.0'),(2348,112,'P-005-2016-C-V','0.0'),(2349,112,'P-008-2016-C-V','0.0'),(2350,112,'P-009-2016-C-V','0.0'),(2351,112,'P-023-2017-C-N','0.0'),(2352,112,'P-028-2017-C-N','0.0'),(2353,112,'P-025-2017-C-V','0.0'),(2354,112,'P-005-2015-C-V','0.0'),(2355,112,'P-012-2016-C-V','0.0'),(2356,112,'P-004-2016-C-V','0.0'),(2357,112,'P-021-2017-C-V','0.0'),(2358,112,'P-009-2017-C-N','0.0'),(2359,112,'P-001-2017-C-V','0.0'),(2360,112,'P-008-2017-C-V','0.0'),(2361,112,'P-027-2017-C-N','0.0'),(2362,112,'P-013-2016-C-N','0.0'),(2363,112,'P-001-2014-C-V','0.0'),(2364,112,'P-007-2017-C-V','0.0'),(2365,112,'P-017-2017-C-V','0.0'),(2366,112,'P-018-2017-C-V','0.0'),(2367,112,'P-019-2017-C-N','0.0'),(2368,112,'P-023-2017-C-V','0.0'),(2369,112,'P-026-2017-C-V','0.0'),(2370,112,'P-029-2017-C-N','0.0'),(2371,112,'P-010-2017-S-N','0.0'),(2372,112,'P-011-2017-S-I','0.0'),(2373,112,'P-012-2017-S-I','0.0'),(2374,112,'P-013-2017-S-V','0.0'),(2375,112,'P-014-2017-S-I','0.0'),(2376,112,'P-015-2017-S-V','0.0'),(2377,112,'P-888-8888-8-8','0.0'),(2378,112,'P-999-9999-9-9','168.0'),(2379,113,'P-001-2009-C-V','0.0'),(2380,113,'P-002-2009-C-V','0.0'),(2381,113,'P-001-2012-C-V','0.0'),(2382,113,'P-001-2010-C-V','0.0'),(2383,113,'P-001-2015-C-V','0.0'),(2384,113,'P-002-2012-C-V','0.0'),(2385,113,'P-013-2016-C-V','0.0'),(2386,113,'P-010-2015-C-V','0.0'),(2387,113,'P-011-2015-C-V','0.0'),(2388,113,'P-007-2016-C-V','0.0'),(2389,113,'P-005-2016-C-V','0.0'),(2390,113,'P-008-2016-C-V','0.0'),(2391,113,'P-009-2016-C-V','0.0'),(2392,113,'P-023-2017-C-N','0.0'),(2393,113,'P-028-2017-C-N','0.0'),(2394,113,'P-025-2017-C-V','0.0'),(2395,113,'P-005-2015-C-V','0.0'),(2396,113,'P-012-2016-C-V','0.0'),(2397,113,'P-004-2016-C-V','0.0'),(2398,113,'P-021-2017-C-V','0.0'),(2399,113,'P-009-2017-C-N','0.0'),(2400,113,'P-001-2017-C-V','0.0'),(2401,113,'P-008-2017-C-V','0.0'),(2402,113,'P-027-2017-C-N','0.0'),(2403,113,'P-013-2016-C-N','0.0'),(2404,113,'P-001-2014-C-V','0.0'),(2405,113,'P-007-2017-C-V','0.0'),(2406,113,'P-017-2017-C-V','0.0'),(2407,113,'P-018-2017-C-V','0.0'),(2408,113,'P-019-2017-C-N','0.0'),(2409,113,'P-023-2017-C-V','0.0'),(2410,113,'P-026-2017-C-V','0.0'),(2411,113,'P-029-2017-C-N','0.0'),(2412,113,'P-010-2017-S-N','0.0'),(2413,113,'P-011-2017-S-I','0.0'),(2414,113,'P-012-2017-S-I','0.0'),(2415,113,'P-013-2017-S-V','0.0'),(2416,113,'P-014-2017-S-I','0.0'),(2417,113,'P-015-2017-S-V','0.0'),(2418,113,'P-888-8888-8-8','0.0'),(2419,113,'P-999-9999-9-9','168.0'),(2420,114,'P-001-2009-C-V','0.0'),(2421,114,'P-002-2009-C-V','0.0'),(2422,114,'P-001-2012-C-V','0.0'),(2423,114,'P-001-2010-C-V','0.0'),(2424,114,'P-001-2015-C-V','0.0'),(2425,114,'P-002-2012-C-V','0.0'),(2426,114,'P-013-2016-C-V','0.0'),(2427,114,'P-010-2015-C-V','0.0'),(2428,114,'P-011-2015-C-V','0.0'),(2429,114,'P-007-2016-C-V','0.0'),(2430,114,'P-005-2016-C-V','0.0'),(2431,114,'P-008-2016-C-V','0.0'),(2432,114,'P-009-2016-C-V','0.0'),(2433,114,'P-023-2017-C-N','0.0'),(2434,114,'P-028-2017-C-N','0.0'),(2435,114,'P-025-2017-C-V','0.0'),(2436,114,'P-005-2015-C-V','0.0'),(2437,114,'P-012-2016-C-V','0.0'),(2438,114,'P-004-2016-C-V','0.0'),(2439,114,'P-021-2017-C-V','0.0'),(2440,114,'P-009-2017-C-N','0.0'),(2441,114,'P-001-2017-C-V','0.0'),(2442,114,'P-008-2017-C-V','0.0'),(2443,114,'P-027-2017-C-N','0.0'),(2444,114,'P-013-2016-C-N','0.0'),(2445,114,'P-001-2014-C-V','0.0'),(2446,114,'P-007-2017-C-V','0.0'),(2447,114,'P-017-2017-C-V','0.0'),(2448,114,'P-018-2017-C-V','0.0'),(2449,114,'P-019-2017-C-N','0.0'),(2450,114,'P-023-2017-C-V','0.0'),(2451,114,'P-026-2017-C-V','0.0'),(2452,114,'P-029-2017-C-N','0.0'),(2453,114,'P-010-2017-S-N','0.0'),(2454,114,'P-011-2017-S-I','0.0'),(2455,114,'P-012-2017-S-I','0.0'),(2456,114,'P-013-2017-S-V','0.0'),(2457,114,'P-014-2017-S-I','0.0'),(2458,114,'P-015-2017-S-V','0.0'),(2459,114,'P-888-8888-8-8','0.0'),(2460,114,'P-999-9999-9-9','168.0'),(2461,115,'P-001-2009-C-V','0.0'),(2462,115,'P-002-2009-C-V','0.0'),(2463,115,'P-001-2012-C-V','0.0'),(2464,115,'P-001-2010-C-V','0.0'),(2465,115,'P-001-2015-C-V','0.0'),(2466,115,'P-002-2012-C-V','0.0'),(2467,115,'P-013-2016-C-V','0.0'),(2468,115,'P-010-2015-C-V','0.0'),(2469,115,'P-011-2015-C-V','0.0'),(2470,115,'P-007-2016-C-V','0.0'),(2471,115,'P-005-2016-C-V','0.0'),(2472,115,'P-008-2016-C-V','0.0'),(2473,115,'P-009-2016-C-V','0.0'),(2474,115,'P-023-2017-C-N','0.0'),(2475,115,'P-028-2017-C-N','0.0'),(2476,115,'P-025-2017-C-V','0.0'),(2477,115,'P-005-2015-C-V','0.0'),(2478,115,'P-012-2016-C-V','0.0'),(2479,115,'P-004-2016-C-V','0.0'),(2480,115,'P-021-2017-C-V','0.0'),(2481,115,'P-009-2017-C-N','0.0'),(2482,115,'P-001-2017-C-V','0.0'),(2483,115,'P-008-2017-C-V','0.0'),(2484,115,'P-027-2017-C-N','0.0'),(2485,115,'P-013-2016-C-N','0.0'),(2486,115,'P-001-2014-C-V','0.0'),(2487,115,'P-007-2017-C-V','0.0'),(2488,115,'P-017-2017-C-V','0.0'),(2489,115,'P-018-2017-C-V','0.0'),(2490,115,'P-019-2017-C-N','0.0'),(2491,115,'P-023-2017-C-V','0.0'),(2492,115,'P-026-2017-C-V','0.0'),(2493,115,'P-029-2017-C-N','0.0'),(2494,115,'P-010-2017-S-N','0.0'),(2495,115,'P-011-2017-S-I','0.0'),(2496,115,'P-012-2017-S-I','0.0'),(2497,115,'P-013-2017-S-V','0.0'),(2498,115,'P-014-2017-S-I','0.0'),(2499,115,'P-015-2017-S-V','0.0'),(2500,115,'P-888-8888-8-8','0.0'),(2501,115,'P-999-9999-9-9','168.0'),(2502,116,'P-001-2009-C-V','0.0'),(2503,116,'P-002-2009-C-V','0.0'),(2504,116,'P-001-2012-C-V','0.0'),(2505,116,'P-001-2010-C-V','0.0'),(2506,116,'P-001-2015-C-V','0.0'),(2507,116,'P-002-2012-C-V','0.0'),(2508,116,'P-013-2016-C-V','0.0'),(2509,116,'P-010-2015-C-V','0.0'),(2510,116,'P-011-2015-C-V','0.0'),(2511,116,'P-007-2016-C-V','0.0'),(2512,116,'P-005-2016-C-V','0.0'),(2513,116,'P-008-2016-C-V','0.0'),(2514,116,'P-009-2016-C-V','0.0'),(2515,116,'P-023-2017-C-N','0.0'),(2516,116,'P-028-2017-C-N','0.0'),(2517,116,'P-025-2017-C-V','0.0'),(2518,116,'P-005-2015-C-V','0.0'),(2519,116,'P-012-2016-C-V','0.0'),(2520,116,'P-004-2016-C-V','0.0'),(2521,116,'P-021-2017-C-V','0.0'),(2522,116,'P-009-2017-C-N','0.0'),(2523,116,'P-001-2017-C-V','0.0'),(2524,116,'P-008-2017-C-V','0.0'),(2525,116,'P-027-2017-C-N','0.0'),(2526,116,'P-013-2016-C-N','0.0'),(2527,116,'P-001-2014-C-V','0.0'),(2528,116,'P-007-2017-C-V','0.0'),(2529,116,'P-017-2017-C-V','0.0'),(2530,116,'P-018-2017-C-V','0.0'),(2531,116,'P-019-2017-C-N','0.0'),(2532,116,'P-023-2017-C-V','0.0'),(2533,116,'P-026-2017-C-V','0.0'),(2534,116,'P-029-2017-C-N','0.0'),(2535,116,'P-010-2017-S-N','0.0'),(2536,116,'P-011-2017-S-I','0.0'),(2537,116,'P-012-2017-S-I','0.0'),(2538,116,'P-013-2017-S-V','0.0'),(2539,116,'P-014-2017-S-I','0.0'),(2540,116,'P-015-2017-S-V','0.0'),(2541,116,'P-888-8888-8-8','0.0'),(2542,116,'P-999-9999-9-9','168.0'),(2543,117,'P-001-2009-C-V','0.0'),(2544,117,'P-002-2009-C-V','0.0'),(2545,117,'P-001-2012-C-V','0.0'),(2546,117,'P-001-2010-C-V','0.0'),(2547,117,'P-001-2015-C-V','0.0'),(2548,117,'P-002-2012-C-V','0.0'),(2549,117,'P-013-2016-C-V','0.0'),(2550,117,'P-010-2015-C-V','0.0'),(2551,117,'P-011-2015-C-V','0.0'),(2552,117,'P-007-2016-C-V','0.0'),(2553,117,'P-005-2016-C-V','0.0'),(2554,117,'P-008-2016-C-V','0.0'),(2555,117,'P-009-2016-C-V','0.0'),(2556,117,'P-023-2017-C-N','0.0'),(2557,117,'P-028-2017-C-N','0.0'),(2558,117,'P-025-2017-C-V','0.0'),(2559,117,'P-005-2015-C-V','0.0'),(2560,117,'P-012-2016-C-V','0.0'),(2561,117,'P-004-2016-C-V','0.0'),(2562,117,'P-021-2017-C-V','0.0'),(2563,117,'P-009-2017-C-N','0.0'),(2564,117,'P-001-2017-C-V','0.0'),(2565,117,'P-008-2017-C-V','0.0'),(2566,117,'P-027-2017-C-N','0.0'),(2567,117,'P-013-2016-C-N','0.0'),(2568,117,'P-001-2014-C-V','0.0'),(2569,117,'P-007-2017-C-V','0.0'),(2570,117,'P-017-2017-C-V','0.0'),(2571,117,'P-018-2017-C-V','0.0'),(2572,117,'P-019-2017-C-N','0.0'),(2573,117,'P-023-2017-C-V','0.0'),(2574,117,'P-026-2017-C-V','0.0'),(2575,117,'P-029-2017-C-N','0.0'),(2576,117,'P-010-2017-S-N','0.0'),(2577,117,'P-011-2017-S-I','0.0'),(2578,117,'P-012-2017-S-I','0.0'),(2579,117,'P-013-2017-S-V','0.0'),(2580,117,'P-014-2017-S-I','0.0'),(2581,117,'P-015-2017-S-V','0.0'),(2582,117,'P-888-8888-8-8','0.0'),(2583,117,'P-999-9999-9-9','168.0'),(2584,118,'P-001-2009-C-V','0.0'),(2585,118,'P-002-2009-C-V','0.0'),(2586,118,'P-001-2012-C-V','0.0'),(2587,118,'P-001-2010-C-V','0.0'),(2588,118,'P-001-2015-C-V','0.0'),(2589,118,'P-002-2012-C-V','0.0'),(2590,118,'P-013-2016-C-V','0.0'),(2591,118,'P-010-2015-C-V','0.0'),(2592,118,'P-011-2015-C-V','0.0'),(2593,118,'P-007-2016-C-V','0.0'),(2594,118,'P-005-2016-C-V','0.0'),(2595,118,'P-008-2016-C-V','0.0'),(2596,118,'P-009-2016-C-V','0.0'),(2597,118,'P-023-2017-C-N','0.0'),(2598,118,'P-028-2017-C-N','0.0'),(2599,118,'P-025-2017-C-V','0.0'),(2600,118,'P-005-2015-C-V','0.0'),(2601,118,'P-012-2016-C-V','0.0'),(2602,118,'P-004-2016-C-V','0.0'),(2603,118,'P-021-2017-C-V','0.0'),(2604,118,'P-009-2017-C-N','0.0'),(2605,118,'P-001-2017-C-V','0.0'),(2606,118,'P-008-2017-C-V','0.0'),(2607,118,'P-027-2017-C-N','0.0'),(2608,118,'P-013-2016-C-N','0.0'),(2609,118,'P-001-2014-C-V','0.0'),(2610,118,'P-007-2017-C-V','0.0'),(2611,118,'P-017-2017-C-V','0.0'),(2612,118,'P-018-2017-C-V','0.0'),(2613,118,'P-019-2017-C-N','0.0'),(2614,118,'P-023-2017-C-V','0.0'),(2615,118,'P-026-2017-C-V','0.0'),(2616,118,'P-029-2017-C-N','0.0'),(2617,118,'P-010-2017-S-N','0.0'),(2618,118,'P-011-2017-S-I','0.0'),(2619,118,'P-012-2017-S-I','0.0'),(2620,118,'P-013-2017-S-V','0.0'),(2621,118,'P-014-2017-S-I','0.0'),(2622,118,'P-015-2017-S-V','0.0'),(2623,118,'P-888-8888-8-8','0.0'),(2624,118,'P-999-9999-9-9','168.0'),(2625,119,'P-001-2009-C-V','0.0'),(2626,119,'P-002-2009-C-V','0.0'),(2627,119,'P-001-2012-C-V','0.0'),(2628,119,'P-001-2010-C-V','0.0'),(2629,119,'P-001-2015-C-V','0.0'),(2630,119,'P-002-2012-C-V','0.0'),(2631,119,'P-013-2016-C-V','0.0'),(2632,119,'P-010-2015-C-V','0.0'),(2633,119,'P-011-2015-C-V','0.0'),(2634,119,'P-007-2016-C-V','0.0'),(2635,119,'P-005-2016-C-V','0.0'),(2636,119,'P-008-2016-C-V','0.0'),(2637,119,'P-009-2016-C-V','0.0'),(2638,119,'P-023-2017-C-N','0.0'),(2639,119,'P-028-2017-C-N','0.0'),(2640,119,'P-025-2017-C-V','0.0'),(2641,119,'P-005-2015-C-V','0.0'),(2642,119,'P-012-2016-C-V','0.0'),(2643,119,'P-004-2016-C-V','0.0'),(2644,119,'P-021-2017-C-V','0.0'),(2645,119,'P-009-2017-C-N','0.0'),(2646,119,'P-001-2017-C-V','0.0'),(2647,119,'P-008-2017-C-V','0.0'),(2648,119,'P-027-2017-C-N','0.0'),(2649,119,'P-013-2016-C-N','0.0'),(2650,119,'P-001-2014-C-V','0.0'),(2651,119,'P-007-2017-C-V','0.0'),(2652,119,'P-017-2017-C-V','0.0'),(2653,119,'P-018-2017-C-V','0.0'),(2654,119,'P-019-2017-C-N','0.0'),(2655,119,'P-023-2017-C-V','0.0'),(2656,119,'P-026-2017-C-V','0.0'),(2657,119,'P-029-2017-C-N','0.0'),(2658,119,'P-010-2017-S-N','0.0'),(2659,119,'P-011-2017-S-I','0.0'),(2660,119,'P-012-2017-S-I','0.0'),(2661,119,'P-013-2017-S-V','0.0'),(2662,119,'P-014-2017-S-I','0.0'),(2663,119,'P-015-2017-S-V','0.0'),(2664,119,'P-888-8888-8-8','0.0'),(2665,119,'P-999-9999-9-9','168.0'),(2666,120,'P-001-2009-C-V','0.0'),(2667,120,'P-002-2009-C-V','0.0'),(2668,120,'P-001-2012-C-V','0.0'),(2669,120,'P-001-2010-C-V','0.0'),(2670,120,'P-001-2015-C-V','0.0'),(2671,120,'P-002-2012-C-V','0.0'),(2672,120,'P-013-2016-C-V','0.0'),(2673,120,'P-010-2015-C-V','0.0'),(2674,120,'P-011-2015-C-V','0.0'),(2675,120,'P-007-2016-C-V','0.0'),(2676,120,'P-005-2016-C-V','0.0'),(2677,120,'P-008-2016-C-V','0.0'),(2678,120,'P-009-2016-C-V','0.0'),(2679,120,'P-023-2017-C-N','0.0'),(2680,120,'P-028-2017-C-N','0.0'),(2681,120,'P-025-2017-C-V','0.0'),(2682,120,'P-005-2015-C-V','0.0'),(2683,120,'P-012-2016-C-V','0.0'),(2684,120,'P-004-2016-C-V','0.0'),(2685,120,'P-021-2017-C-V','0.0'),(2686,120,'P-009-2017-C-N','0.0'),(2687,120,'P-001-2017-C-V','0.0'),(2688,120,'P-008-2017-C-V','0.0'),(2689,120,'P-027-2017-C-N','0.0'),(2690,120,'P-013-2016-C-N','0.0'),(2691,120,'P-001-2014-C-V','0.0'),(2692,120,'P-007-2017-C-V','0.0'),(2693,120,'P-017-2017-C-V','0.0'),(2694,120,'P-018-2017-C-V','0.0'),(2695,120,'P-019-2017-C-N','0.0'),(2696,120,'P-023-2017-C-V','0.0'),(2697,120,'P-026-2017-C-V','0.0'),(2698,120,'P-029-2017-C-N','0.0'),(2699,120,'P-010-2017-S-N','0.0'),(2700,120,'P-011-2017-S-I','0.0'),(2701,120,'P-012-2017-S-I','0.0'),(2702,120,'P-013-2017-S-V','0.0'),(2703,120,'P-014-2017-S-I','0.0'),(2704,120,'P-015-2017-S-V','0.0'),(2705,120,'P-888-8888-8-8','0.0'),(2706,120,'P-999-9999-9-9','168.0'),(2707,121,'P-001-2009-C-V','0.0'),(2708,121,'P-002-2009-C-V','0.0'),(2709,121,'P-001-2012-C-V','0.0'),(2710,121,'P-001-2010-C-V','0.0'),(2711,121,'P-001-2015-C-V','0.0'),(2712,121,'P-002-2012-C-V','0.0'),(2713,121,'P-013-2016-C-V','0.0'),(2714,121,'P-010-2015-C-V','0.0'),(2715,121,'P-011-2015-C-V','0.0'),(2716,121,'P-007-2016-C-V','0.0'),(2717,121,'P-005-2016-C-V','0.0'),(2718,121,'P-008-2016-C-V','0.0'),(2719,121,'P-009-2016-C-V','0.0'),(2720,121,'P-023-2017-C-N','0.0'),(2721,121,'P-028-2017-C-N','0.0'),(2722,121,'P-025-2017-C-V','0.0'),(2723,121,'P-005-2015-C-V','0.0'),(2724,121,'P-012-2016-C-V','0.0'),(2725,121,'P-004-2016-C-V','0.0'),(2726,121,'P-021-2017-C-V','0.0'),(2727,121,'P-009-2017-C-N','0.0'),(2728,121,'P-001-2017-C-V','0.0'),(2729,121,'P-008-2017-C-V','0.0'),(2730,121,'P-027-2017-C-N','0.0'),(2731,121,'P-013-2016-C-N','0.0'),(2732,121,'P-001-2014-C-V','0.0'),(2733,121,'P-007-2017-C-V','0.0'),(2734,121,'P-017-2017-C-V','0.0'),(2735,121,'P-018-2017-C-V','0.0'),(2736,121,'P-019-2017-C-N','0.0'),(2737,121,'P-023-2017-C-V','0.0'),(2738,121,'P-026-2017-C-V','0.0'),(2739,121,'P-029-2017-C-N','0.0'),(2740,121,'P-010-2017-S-N','0.0'),(2741,121,'P-011-2017-S-I','0.0'),(2742,121,'P-012-2017-S-I','0.0'),(2743,121,'P-013-2017-S-V','0.0'),(2744,121,'P-014-2017-S-I','0.0'),(2745,121,'P-015-2017-S-V','0.0'),(2746,121,'P-888-8888-8-8','0.0'),(2747,121,'P-999-9999-9-9','168.0'),(2748,122,'P-001-2009-C-V','0.0'),(2749,122,'P-002-2009-C-V','0.0'),(2750,122,'P-001-2012-C-V','0.0'),(2751,122,'P-001-2010-C-V','0.0'),(2752,122,'P-001-2015-C-V','0.0'),(2753,122,'P-002-2012-C-V','0.0'),(2754,122,'P-013-2016-C-V','0.0'),(2755,122,'P-010-2015-C-V','0.0'),(2756,122,'P-011-2015-C-V','0.0'),(2757,122,'P-007-2016-C-V','0.0'),(2758,122,'P-005-2016-C-V','0.0'),(2759,122,'P-008-2016-C-V','0.0'),(2760,122,'P-009-2016-C-V','0.0'),(2761,122,'P-023-2017-C-N','0.0'),(2762,122,'P-028-2017-C-N','0.0'),(2763,122,'P-025-2017-C-V','0.0'),(2764,122,'P-005-2015-C-V','0.0'),(2765,122,'P-012-2016-C-V','0.0'),(2766,122,'P-004-2016-C-V','0.0'),(2767,122,'P-021-2017-C-V','0.0'),(2768,122,'P-009-2017-C-N','0.0'),(2769,122,'P-001-2017-C-V','0.0'),(2770,122,'P-008-2017-C-V','0.0'),(2771,122,'P-027-2017-C-N','0.0'),(2772,122,'P-013-2016-C-N','0.0'),(2773,122,'P-001-2014-C-V','0.0'),(2774,122,'P-007-2017-C-V','0.0'),(2775,122,'P-017-2017-C-V','0.0'),(2776,122,'P-018-2017-C-V','0.0'),(2777,122,'P-019-2017-C-N','0.0'),(2778,122,'P-023-2017-C-V','0.0'),(2779,122,'P-026-2017-C-V','0.0'),(2780,122,'P-029-2017-C-N','0.0'),(2781,122,'P-010-2017-S-N','0.0'),(2782,122,'P-011-2017-S-I','0.0'),(2783,122,'P-012-2017-S-I','0.0'),(2784,122,'P-013-2017-S-V','0.0'),(2785,122,'P-014-2017-S-I','0.0'),(2786,122,'P-015-2017-S-V','0.0'),(2787,122,'P-888-8888-8-8','0.0'),(2788,122,'P-999-9999-9-9','168.0'),(2789,123,'P-001-2009-C-V','0.0'),(2790,123,'P-002-2009-C-V','0.0'),(2791,123,'P-001-2012-C-V','0.0'),(2792,123,'P-001-2010-C-V','0.0'),(2793,123,'P-001-2015-C-V','0.0'),(2794,123,'P-002-2012-C-V','0.0'),(2795,123,'P-013-2016-C-V','0.0'),(2796,123,'P-010-2015-C-V','0.0'),(2797,123,'P-011-2015-C-V','0.0'),(2798,123,'P-007-2016-C-V','0.0'),(2799,123,'P-005-2016-C-V','0.0'),(2800,123,'P-008-2016-C-V','0.0'),(2801,123,'P-009-2016-C-V','0.0'),(2802,123,'P-023-2017-C-N','0.0'),(2803,123,'P-028-2017-C-N','0.0'),(2804,123,'P-025-2017-C-V','0.0'),(2805,123,'P-005-2015-C-V','0.0'),(2806,123,'P-012-2016-C-V','0.0'),(2807,123,'P-004-2016-C-V','0.0'),(2808,123,'P-021-2017-C-V','0.0'),(2809,123,'P-009-2017-C-N','0.0'),(2810,123,'P-001-2017-C-V','0.0'),(2811,123,'P-008-2017-C-V','0.0'),(2812,123,'P-027-2017-C-N','0.0'),(2813,123,'P-013-2016-C-N','0.0'),(2814,123,'P-001-2014-C-V','0.0'),(2815,123,'P-007-2017-C-V','0.0'),(2816,123,'P-017-2017-C-V','0.0'),(2817,123,'P-018-2017-C-V','0.0'),(2818,123,'P-019-2017-C-N','0.0'),(2819,123,'P-023-2017-C-V','0.0'),(2820,123,'P-026-2017-C-V','0.0'),(2821,123,'P-029-2017-C-N','0.0'),(2822,123,'P-010-2017-S-N','0.0'),(2823,123,'P-011-2017-S-I','0.0'),(2824,123,'P-012-2017-S-I','0.0'),(2825,123,'P-013-2017-S-V','0.0'),(2826,123,'P-014-2017-S-I','0.0'),(2827,123,'P-015-2017-S-V','0.0'),(2828,123,'P-888-8888-8-8','0.0'),(2829,123,'P-999-9999-9-9','168.0'),(2830,124,'P-001-2009-C-V','0.0'),(2831,124,'P-002-2009-C-V','0.0'),(2832,124,'P-001-2012-C-V','0.0'),(2833,124,'P-001-2010-C-V','0.0'),(2834,124,'P-001-2015-C-V','0.0'),(2835,124,'P-002-2012-C-V','0.0'),(2836,124,'P-013-2016-C-V','0.0'),(2837,124,'P-010-2015-C-V','0.0'),(2838,124,'P-011-2015-C-V','0.0'),(2839,124,'P-007-2016-C-V','0.0'),(2840,124,'P-005-2016-C-V','0.0'),(2841,124,'P-008-2016-C-V','0.0'),(2842,124,'P-009-2016-C-V','0.0'),(2843,124,'P-023-2017-C-N','0.0'),(2844,124,'P-028-2017-C-N','0.0'),(2845,124,'P-025-2017-C-V','0.0'),(2846,124,'P-005-2015-C-V','0.0'),(2847,124,'P-012-2016-C-V','0.0'),(2848,124,'P-004-2016-C-V','0.0'),(2849,124,'P-021-2017-C-V','0.0'),(2850,124,'P-009-2017-C-N','0.0'),(2851,124,'P-001-2017-C-V','0.0'),(2852,124,'P-008-2017-C-V','0.0'),(2853,124,'P-027-2017-C-N','0.0'),(2854,124,'P-013-2016-C-N','0.0'),(2855,124,'P-001-2014-C-V','0.0'),(2856,124,'P-007-2017-C-V','0.0'),(2857,124,'P-017-2017-C-V','0.0'),(2858,124,'P-018-2017-C-V','0.0'),(2859,124,'P-019-2017-C-N','0.0'),(2860,124,'P-023-2017-C-V','0.0'),(2861,124,'P-026-2017-C-V','0.0'),(2862,124,'P-029-2017-C-N','0.0'),(2863,124,'P-010-2017-S-N','0.0'),(2864,124,'P-011-2017-S-I','0.0'),(2865,124,'P-012-2017-S-I','0.0'),(2866,124,'P-013-2017-S-V','0.0'),(2867,124,'P-014-2017-S-I','0.0'),(2868,124,'P-015-2017-S-V','0.0'),(2869,124,'P-888-8888-8-8','0.0'),(2870,124,'P-999-9999-9-9','168.0'),(2871,125,'P-001-2009-C-V','0.0'),(2872,125,'P-002-2009-C-V','0.0'),(2873,125,'P-001-2012-C-V','0.0'),(2874,125,'P-001-2010-C-V','0.0'),(2875,125,'P-001-2015-C-V','0.0'),(2876,125,'P-002-2012-C-V','0.0'),(2877,125,'P-013-2016-C-V','0.0'),(2878,125,'P-010-2015-C-V','0.0'),(2879,125,'P-011-2015-C-V','0.0'),(2880,125,'P-007-2016-C-V','0.0'),(2881,125,'P-005-2016-C-V','0.0'),(2882,125,'P-008-2016-C-V','0.0'),(2883,125,'P-009-2016-C-V','0.0'),(2884,125,'P-023-2017-C-N','0.0'),(2885,125,'P-028-2017-C-N','0.0'),(2886,125,'P-025-2017-C-V','0.0'),(2887,125,'P-005-2015-C-V','0.0'),(2888,125,'P-012-2016-C-V','0.0'),(2889,125,'P-004-2016-C-V','0.0'),(2890,125,'P-021-2017-C-V','0.0'),(2891,125,'P-009-2017-C-N','0.0'),(2892,125,'P-001-2017-C-V','0.0'),(2893,125,'P-008-2017-C-V','0.0'),(2894,125,'P-027-2017-C-N','0.0'),(2895,125,'P-013-2016-C-N','0.0'),(2896,125,'P-001-2014-C-V','0.0'),(2897,125,'P-007-2017-C-V','0.0'),(2898,125,'P-017-2017-C-V','0.0'),(2899,125,'P-018-2017-C-V','0.0'),(2900,125,'P-019-2017-C-N','0.0'),(2901,125,'P-023-2017-C-V','0.0'),(2902,125,'P-026-2017-C-V','0.0'),(2903,125,'P-029-2017-C-N','0.0'),(2904,125,'P-010-2017-S-N','0.0'),(2905,125,'P-011-2017-S-I','0.0'),(2906,125,'P-012-2017-S-I','0.0'),(2907,125,'P-013-2017-S-V','0.0'),(2908,125,'P-014-2017-S-I','0.0'),(2909,125,'P-015-2017-S-V','0.0'),(2910,125,'P-888-8888-8-8','0.0'),(2911,125,'P-999-9999-9-9','168.0'),(2912,126,'P-001-2009-C-V','0.0'),(2913,126,'P-002-2009-C-V','0.0'),(2914,126,'P-001-2012-C-V','0.0'),(2915,126,'P-001-2010-C-V','0.0'),(2916,126,'P-001-2015-C-V','0.0'),(2917,126,'P-002-2012-C-V','0.0'),(2918,126,'P-013-2016-C-V','0.0'),(2919,126,'P-010-2015-C-V','0.0'),(2920,126,'P-011-2015-C-V','0.0'),(2921,126,'P-007-2016-C-V','0.0'),(2922,126,'P-005-2016-C-V','0.0'),(2923,126,'P-008-2016-C-V','0.0'),(2924,126,'P-009-2016-C-V','0.0'),(2925,126,'P-023-2017-C-N','0.0'),(2926,126,'P-028-2017-C-N','0.0'),(2927,126,'P-025-2017-C-V','0.0'),(2928,126,'P-005-2015-C-V','0.0'),(2929,126,'P-012-2016-C-V','0.0'),(2930,126,'P-004-2016-C-V','0.0'),(2931,126,'P-021-2017-C-V','0.0'),(2932,126,'P-009-2017-C-N','0.0'),(2933,126,'P-001-2017-C-V','0.0'),(2934,126,'P-008-2017-C-V','0.0'),(2935,126,'P-027-2017-C-N','0.0'),(2936,126,'P-013-2016-C-N','0.0'),(2937,126,'P-001-2014-C-V','0.0'),(2938,126,'P-007-2017-C-V','0.0'),(2939,126,'P-017-2017-C-V','0.0'),(2940,126,'P-018-2017-C-V','0.0'),(2941,126,'P-019-2017-C-N','0.0'),(2942,126,'P-023-2017-C-V','0.0'),(2943,126,'P-026-2017-C-V','0.0'),(2944,126,'P-029-2017-C-N','0.0'),(2945,126,'P-010-2017-S-N','0.0'),(2946,126,'P-011-2017-S-I','0.0'),(2947,126,'P-012-2017-S-I','0.0'),(2948,126,'P-013-2017-S-V','0.0'),(2949,126,'P-014-2017-S-I','0.0'),(2950,126,'P-015-2017-S-V','0.0'),(2951,126,'P-888-8888-8-8','0.0'),(2952,126,'P-999-9999-9-9','168.0'),(2953,127,'P-001-2009-C-V','0.0'),(2954,127,'P-002-2009-C-V','0.0'),(2955,127,'P-001-2012-C-V','0.0'),(2956,127,'P-001-2010-C-V','0.0'),(2957,127,'P-001-2015-C-V','0.0'),(2958,127,'P-002-2012-C-V','0.0'),(2959,127,'P-013-2016-C-V','0.0'),(2960,127,'P-010-2015-C-V','0.0'),(2961,127,'P-011-2015-C-V','0.0'),(2962,127,'P-007-2016-C-V','0.0'),(2963,127,'P-005-2016-C-V','0.0'),(2964,127,'P-008-2016-C-V','0.0'),(2965,127,'P-009-2016-C-V','0.0'),(2966,127,'P-023-2017-C-N','0.0'),(2967,127,'P-028-2017-C-N','0.0'),(2968,127,'P-025-2017-C-V','0.0'),(2969,127,'P-005-2015-C-V','0.0'),(2970,127,'P-012-2016-C-V','0.0'),(2971,127,'P-004-2016-C-V','0.0'),(2972,127,'P-021-2017-C-V','0.0'),(2973,127,'P-009-2017-C-N','0.0'),(2974,127,'P-001-2017-C-V','0.0'),(2975,127,'P-008-2017-C-V','0.0'),(2976,127,'P-027-2017-C-N','0.0'),(2977,127,'P-013-2016-C-N','0.0'),(2978,127,'P-001-2014-C-V','0.0'),(2979,127,'P-007-2017-C-V','0.0'),(2980,127,'P-017-2017-C-V','0.0'),(2981,127,'P-018-2017-C-V','0.0'),(2982,127,'P-019-2017-C-N','0.0'),(2983,127,'P-023-2017-C-V','0.0'),(2984,127,'P-026-2017-C-V','0.0'),(2985,127,'P-029-2017-C-N','0.0'),(2986,127,'P-010-2017-S-N','0.0'),(2987,127,'P-011-2017-S-I','0.0'),(2988,127,'P-012-2017-S-I','0.0'),(2989,127,'P-013-2017-S-V','0.0'),(2990,127,'P-014-2017-S-I','0.0'),(2991,127,'P-015-2017-S-V','0.0'),(2992,127,'P-888-8888-8-8','0.0'),(2993,127,'P-999-9999-9-9','168.0'),(2994,128,'P-001-2009-C-V','0.0'),(2995,128,'P-002-2009-C-V','0.0'),(2996,128,'P-001-2012-C-V','0.0'),(2997,128,'P-001-2010-C-V','0.0'),(2998,128,'P-001-2015-C-V','0.0'),(2999,128,'P-002-2012-C-V','0.0'),(3000,128,'P-013-2016-C-V','0.0'),(3001,128,'P-010-2015-C-V','0.0'),(3002,128,'P-011-2015-C-V','0.0'),(3003,128,'P-007-2016-C-V','0.0'),(3004,128,'P-005-2016-C-V','0.0'),(3005,128,'P-008-2016-C-V','0.0'),(3006,128,'P-009-2016-C-V','0.0'),(3007,128,'P-023-2017-C-N','0.0'),(3008,128,'P-028-2017-C-N','0.0'),(3009,128,'P-025-2017-C-V','0.0'),(3010,128,'P-005-2015-C-V','0.0'),(3011,128,'P-012-2016-C-V','0.0'),(3012,128,'P-004-2016-C-V','0.0'),(3013,128,'P-021-2017-C-V','0.0'),(3014,128,'P-009-2017-C-N','0.0'),(3015,128,'P-001-2017-C-V','0.0'),(3016,128,'P-008-2017-C-V','0.0'),(3017,128,'P-027-2017-C-N','0.0'),(3018,128,'P-013-2016-C-N','0.0'),(3019,128,'P-001-2014-C-V','0.0'),(3020,128,'P-007-2017-C-V','0.0'),(3021,128,'P-017-2017-C-V','0.0'),(3022,128,'P-018-2017-C-V','0.0'),(3023,128,'P-019-2017-C-N','0.0'),(3024,128,'P-023-2017-C-V','0.0'),(3025,128,'P-026-2017-C-V','0.0'),(3026,128,'P-029-2017-C-N','0.0'),(3027,128,'P-010-2017-S-N','0.0'),(3028,128,'P-011-2017-S-I','0.0'),(3029,128,'P-012-2017-S-I','0.0'),(3030,128,'P-013-2017-S-V','0.0'),(3031,128,'P-014-2017-S-I','0.0'),(3032,128,'P-015-2017-S-V','0.0'),(3033,128,'P-888-8888-8-8','0.0'),(3034,128,'P-999-9999-9-9','168.0'),(3035,129,'P-001-2009-C-V','0.0'),(3036,129,'P-002-2009-C-V','0.0'),(3037,129,'P-001-2012-C-V','0.0'),(3038,129,'P-001-2010-C-V','0.0'),(3039,129,'P-001-2015-C-V','0.0'),(3040,129,'P-002-2012-C-V','0.0'),(3041,129,'P-013-2016-C-V','0.0'),(3042,129,'P-010-2015-C-V','0.0'),(3043,129,'P-011-2015-C-V','0.0'),(3044,129,'P-007-2016-C-V','0.0'),(3045,129,'P-005-2016-C-V','0.0'),(3046,129,'P-008-2016-C-V','0.0'),(3047,129,'P-009-2016-C-V','0.0'),(3048,129,'P-023-2017-C-N','0.0'),(3049,129,'P-028-2017-C-N','0.0'),(3050,129,'P-025-2017-C-V','0.0'),(3051,129,'P-005-2015-C-V','0.0'),(3052,129,'P-012-2016-C-V','0.0'),(3053,129,'P-004-2016-C-V','0.0'),(3054,129,'P-021-2017-C-V','0.0'),(3055,129,'P-009-2017-C-N','0.0'),(3056,129,'P-001-2017-C-V','0.0'),(3057,129,'P-008-2017-C-V','0.0'),(3058,129,'P-027-2017-C-N','0.0'),(3059,129,'P-013-2016-C-N','0.0'),(3060,129,'P-001-2014-C-V','0.0'),(3061,129,'P-007-2017-C-V','0.0'),(3062,129,'P-017-2017-C-V','0.0'),(3063,129,'P-018-2017-C-V','0.0'),(3064,129,'P-019-2017-C-N','0.0'),(3065,129,'P-023-2017-C-V','0.0'),(3066,129,'P-026-2017-C-V','0.0'),(3067,129,'P-029-2017-C-N','0.0'),(3068,129,'P-010-2017-S-N','0.0'),(3069,129,'P-011-2017-S-I','0.0'),(3070,129,'P-012-2017-S-I','0.0'),(3071,129,'P-013-2017-S-V','0.0'),(3072,129,'P-014-2017-S-I','0.0'),(3073,129,'P-015-2017-S-V','0.0'),(3074,129,'P-888-8888-8-8','0.0'),(3075,129,'P-999-9999-9-9','168.0'),(3076,130,'P-001-2009-C-V','0.0'),(3077,130,'P-002-2009-C-V','0.0'),(3078,130,'P-001-2012-C-V','0.0'),(3079,130,'P-001-2010-C-V','0.0'),(3080,130,'P-001-2015-C-V','0.0'),(3081,130,'P-002-2012-C-V','0.0'),(3082,130,'P-013-2016-C-V','0.0'),(3083,130,'P-010-2015-C-V','0.0'),(3084,130,'P-011-2015-C-V','0.0'),(3085,130,'P-007-2016-C-V','0.0'),(3086,130,'P-005-2016-C-V','0.0'),(3087,130,'P-008-2016-C-V','0.0'),(3088,130,'P-009-2016-C-V','0.0'),(3089,130,'P-023-2017-C-N','0.0'),(3090,130,'P-028-2017-C-N','0.0'),(3091,130,'P-025-2017-C-V','0.0'),(3092,130,'P-005-2015-C-V','0.0'),(3093,130,'P-012-2016-C-V','0.0'),(3094,130,'P-004-2016-C-V','0.0'),(3095,130,'P-021-2017-C-V','0.0'),(3096,130,'P-009-2017-C-N','0.0'),(3097,130,'P-001-2017-C-V','0.0'),(3098,130,'P-008-2017-C-V','0.0'),(3099,130,'P-027-2017-C-N','0.0'),(3100,130,'P-013-2016-C-N','0.0'),(3101,130,'P-001-2014-C-V','0.0'),(3102,130,'P-007-2017-C-V','0.0'),(3103,130,'P-017-2017-C-V','0.0'),(3104,130,'P-018-2017-C-V','0.0'),(3105,130,'P-019-2017-C-N','0.0'),(3106,130,'P-023-2017-C-V','0.0'),(3107,130,'P-026-2017-C-V','0.0'),(3108,130,'P-029-2017-C-N','0.0'),(3109,130,'P-010-2017-S-N','0.0'),(3110,130,'P-011-2017-S-I','0.0'),(3111,130,'P-012-2017-S-I','0.0'),(3112,130,'P-013-2017-S-V','0.0'),(3113,130,'P-014-2017-S-I','0.0'),(3114,130,'P-015-2017-S-V','0.0'),(3115,130,'P-888-8888-8-8','0.0'),(3116,130,'P-999-9999-9-9','168.0'),(3117,131,'P-001-2009-C-V','0.0'),(3118,131,'P-002-2009-C-V','0.0'),(3119,131,'P-001-2012-C-V','0.0'),(3120,131,'P-001-2010-C-V','0.0'),(3121,131,'P-001-2015-C-V','0.0'),(3122,131,'P-002-2012-C-V','0.0'),(3123,131,'P-013-2016-C-V','0.0'),(3124,131,'P-010-2015-C-V','0.0'),(3125,131,'P-011-2015-C-V','0.0'),(3126,131,'P-007-2016-C-V','0.0'),(3127,131,'P-005-2016-C-V','0.0'),(3128,131,'P-008-2016-C-V','0.0'),(3129,131,'P-009-2016-C-V','0.0'),(3130,131,'P-023-2017-C-N','0.0'),(3131,131,'P-028-2017-C-N','0.0'),(3132,131,'P-025-2017-C-V','0.0'),(3133,131,'P-005-2015-C-V','0.0'),(3134,131,'P-012-2016-C-V','0.0'),(3135,131,'P-004-2016-C-V','0.0'),(3136,131,'P-021-2017-C-V','0.0'),(3137,131,'P-009-2017-C-N','0.0'),(3138,131,'P-001-2017-C-V','0.0'),(3139,131,'P-008-2017-C-V','0.0'),(3140,131,'P-027-2017-C-N','0.0'),(3141,131,'P-013-2016-C-N','0.0'),(3142,131,'P-001-2014-C-V','0.0'),(3143,131,'P-007-2017-C-V','0.0'),(3144,131,'P-017-2017-C-V','0.0'),(3145,131,'P-018-2017-C-V','0.0'),(3146,131,'P-019-2017-C-N','0.0'),(3147,131,'P-023-2017-C-V','0.0'),(3148,131,'P-026-2017-C-V','0.0'),(3149,131,'P-029-2017-C-N','0.0'),(3150,131,'P-010-2017-S-N','0.0'),(3151,131,'P-011-2017-S-I','0.0'),(3152,131,'P-012-2017-S-I','0.0'),(3153,131,'P-013-2017-S-V','0.0'),(3154,131,'P-014-2017-S-I','0.0'),(3155,131,'P-015-2017-S-V','0.0'),(3156,131,'P-888-8888-8-8','0.0'),(3157,131,'P-999-9999-9-9','168.0'),(3158,132,'P-001-2009-C-V','0.0'),(3159,132,'P-002-2009-C-V','0.0'),(3160,132,'P-001-2012-C-V','0.0'),(3161,132,'P-001-2010-C-V','0.0'),(3162,132,'P-001-2015-C-V','0.0'),(3163,132,'P-002-2012-C-V','0.0'),(3164,132,'P-013-2016-C-V','0.0'),(3165,132,'P-010-2015-C-V','0.0'),(3166,132,'P-011-2015-C-V','0.0'),(3167,132,'P-007-2016-C-V','0.0'),(3168,132,'P-005-2016-C-V','0.0'),(3169,132,'P-008-2016-C-V','0.0'),(3170,132,'P-009-2016-C-V','0.0'),(3171,132,'P-023-2017-C-N','0.0'),(3172,132,'P-028-2017-C-N','0.0'),(3173,132,'P-025-2017-C-V','0.0'),(3174,132,'P-005-2015-C-V','0.0'),(3175,132,'P-012-2016-C-V','0.0'),(3176,132,'P-004-2016-C-V','0.0'),(3177,132,'P-021-2017-C-V','0.0'),(3178,132,'P-009-2017-C-N','0.0'),(3179,132,'P-001-2017-C-V','0.0'),(3180,132,'P-008-2017-C-V','0.0'),(3181,132,'P-027-2017-C-N','0.0'),(3182,132,'P-013-2016-C-N','0.0'),(3183,132,'P-001-2014-C-V','0.0'),(3184,132,'P-007-2017-C-V','0.0'),(3185,132,'P-017-2017-C-V','0.0'),(3186,132,'P-018-2017-C-V','0.0'),(3187,132,'P-019-2017-C-N','0.0'),(3188,132,'P-023-2017-C-V','0.0'),(3189,132,'P-026-2017-C-V','0.0'),(3190,132,'P-029-2017-C-N','0.0'),(3191,132,'P-010-2017-S-N','0.0'),(3192,132,'P-011-2017-S-I','0.0'),(3193,132,'P-012-2017-S-I','0.0'),(3194,132,'P-013-2017-S-V','0.0'),(3195,132,'P-014-2017-S-I','0.0'),(3196,132,'P-015-2017-S-V','0.0'),(3197,132,'P-888-8888-8-8','0.0'),(3198,132,'P-999-9999-9-9','168.0'),(3199,133,'P-001-2009-C-V','0.0'),(3200,133,'P-002-2009-C-V','0.0'),(3201,133,'P-001-2012-C-V','0.0'),(3202,133,'P-001-2010-C-V','0.0'),(3203,133,'P-001-2015-C-V','0.0'),(3204,133,'P-002-2012-C-V','0.0'),(3205,133,'P-013-2016-C-V','0.0'),(3206,133,'P-010-2015-C-V','0.0'),(3207,133,'P-011-2015-C-V','0.0'),(3208,133,'P-007-2016-C-V','0.0'),(3209,133,'P-005-2016-C-V','0.0'),(3210,133,'P-008-2016-C-V','0.0'),(3211,133,'P-009-2016-C-V','0.0'),(3212,133,'P-023-2017-C-N','0.0'),(3213,133,'P-028-2017-C-N','0.0'),(3214,133,'P-025-2017-C-V','0.0'),(3215,133,'P-005-2015-C-V','0.0'),(3216,133,'P-012-2016-C-V','0.0'),(3217,133,'P-004-2016-C-V','0.0'),(3218,133,'P-021-2017-C-V','0.0'),(3219,133,'P-009-2017-C-N','0.0'),(3220,133,'P-001-2017-C-V','0.0'),(3221,133,'P-008-2017-C-V','0.0'),(3222,133,'P-027-2017-C-N','0.0'),(3223,133,'P-013-2016-C-N','0.0'),(3224,133,'P-001-2014-C-V','0.0'),(3225,133,'P-007-2017-C-V','0.0'),(3226,133,'P-017-2017-C-V','0.0'),(3227,133,'P-018-2017-C-V','0.0'),(3228,133,'P-019-2017-C-N','0.0'),(3229,133,'P-023-2017-C-V','0.0'),(3230,133,'P-026-2017-C-V','0.0'),(3231,133,'P-029-2017-C-N','0.0'),(3232,133,'P-010-2017-S-N','0.0'),(3233,133,'P-011-2017-S-I','0.0'),(3234,133,'P-012-2017-S-I','0.0'),(3235,133,'P-013-2017-S-V','0.0'),(3236,133,'P-014-2017-S-I','0.0'),(3237,133,'P-015-2017-S-V','0.0'),(3238,133,'P-888-8888-8-8','0.0'),(3239,133,'P-999-9999-9-9','168.0'),(3240,134,'P-001-2009-C-V','0.0'),(3241,134,'P-002-2009-C-V','0.0'),(3242,134,'P-001-2012-C-V','0.0'),(3243,134,'P-001-2010-C-V','0.0'),(3244,134,'P-001-2015-C-V','0.0'),(3245,134,'P-002-2012-C-V','0.0'),(3246,134,'P-013-2016-C-V','0.0'),(3247,134,'P-010-2015-C-V','0.0'),(3248,134,'P-011-2015-C-V','0.0'),(3249,134,'P-007-2016-C-V','0.0'),(3250,134,'P-005-2016-C-V','0.0'),(3251,134,'P-008-2016-C-V','0.0'),(3252,134,'P-009-2016-C-V','0.0'),(3253,134,'P-023-2017-C-N','0.0'),(3254,134,'P-028-2017-C-N','0.0'),(3255,134,'P-025-2017-C-V','0.0'),(3256,134,'P-005-2015-C-V','0.0'),(3257,134,'P-012-2016-C-V','0.0'),(3258,134,'P-004-2016-C-V','0.0'),(3259,134,'P-021-2017-C-V','0.0'),(3260,134,'P-009-2017-C-N','0.0'),(3261,134,'P-001-2017-C-V','0.0'),(3262,134,'P-008-2017-C-V','0.0'),(3263,134,'P-027-2017-C-N','0.0'),(3264,134,'P-013-2016-C-N','0.0'),(3265,134,'P-001-2014-C-V','0.0'),(3266,134,'P-007-2017-C-V','0.0'),(3267,134,'P-017-2017-C-V','0.0'),(3268,134,'P-018-2017-C-V','0.0'),(3269,134,'P-019-2017-C-N','0.0'),(3270,134,'P-023-2017-C-V','0.0'),(3271,134,'P-026-2017-C-V','0.0'),(3272,134,'P-029-2017-C-N','0.0'),(3273,134,'P-010-2017-S-N','0.0'),(3274,134,'P-011-2017-S-I','0.0'),(3275,134,'P-012-2017-S-I','0.0'),(3276,134,'P-013-2017-S-V','0.0'),(3277,134,'P-014-2017-S-I','0.0'),(3278,134,'P-015-2017-S-V','0.0'),(3279,134,'P-888-8888-8-8','0.0'),(3280,134,'P-999-9999-9-9','168.0'),(3281,135,'P-001-2009-C-V','0.0'),(3282,135,'P-002-2009-C-V','0.0'),(3283,135,'P-001-2012-C-V','0.0'),(3284,135,'P-001-2010-C-V','0.0'),(3285,135,'P-001-2015-C-V','0.0'),(3286,135,'P-002-2012-C-V','0.0'),(3287,135,'P-013-2016-C-V','0.0'),(3288,135,'P-010-2015-C-V','0.0'),(3289,135,'P-011-2015-C-V','0.0'),(3290,135,'P-007-2016-C-V','0.0'),(3291,135,'P-005-2016-C-V','0.0'),(3292,135,'P-008-2016-C-V','0.0'),(3293,135,'P-009-2016-C-V','0.0'),(3294,135,'P-023-2017-C-N','0.0'),(3295,135,'P-028-2017-C-N','0.0'),(3296,135,'P-025-2017-C-V','0.0'),(3297,135,'P-005-2015-C-V','0.0'),(3298,135,'P-012-2016-C-V','0.0'),(3299,135,'P-004-2016-C-V','0.0'),(3300,135,'P-021-2017-C-V','0.0'),(3301,135,'P-009-2017-C-N','0.0'),(3302,135,'P-001-2017-C-V','0.0'),(3303,135,'P-008-2017-C-V','0.0'),(3304,135,'P-027-2017-C-N','0.0'),(3305,135,'P-013-2016-C-N','0.0'),(3306,135,'P-001-2014-C-V','0.0'),(3307,135,'P-007-2017-C-V','0.0'),(3308,135,'P-017-2017-C-V','0.0'),(3309,135,'P-018-2017-C-V','0.0'),(3310,135,'P-019-2017-C-N','0.0'),(3311,135,'P-023-2017-C-V','0.0'),(3312,135,'P-026-2017-C-V','0.0'),(3313,135,'P-029-2017-C-N','0.0'),(3314,135,'P-010-2017-S-N','0.0'),(3315,135,'P-011-2017-S-I','0.0'),(3316,135,'P-012-2017-S-I','0.0'),(3317,135,'P-013-2017-S-V','0.0'),(3318,135,'P-014-2017-S-I','0.0'),(3319,135,'P-015-2017-S-V','0.0'),(3320,135,'P-888-8888-8-8','0.0'),(3321,135,'P-999-9999-9-9','168.0'),(3322,136,'P-001-2009-C-V','0.0'),(3323,136,'P-002-2009-C-V','0.0'),(3324,136,'P-001-2012-C-V','0.0'),(3325,136,'P-001-2010-C-V','0.0'),(3326,136,'P-001-2015-C-V','0.0'),(3327,136,'P-002-2012-C-V','0.0'),(3328,136,'P-013-2016-C-V','0.0'),(3329,136,'P-010-2015-C-V','0.0'),(3330,136,'P-011-2015-C-V','0.0'),(3331,136,'P-007-2016-C-V','8.4'),(3332,136,'P-005-2016-C-V','0.0'),(3333,136,'P-008-2016-C-V','0.0'),(3334,136,'P-009-2016-C-V','0.0'),(3335,136,'P-023-2017-C-N','0.0'),(3336,136,'P-028-2017-C-N','0.0'),(3337,136,'P-025-2017-C-V','0.0'),(3338,136,'P-005-2015-C-V','0.0'),(3339,136,'P-012-2016-C-V','0.0'),(3340,136,'P-004-2016-C-V','0.0'),(3341,136,'P-021-2017-C-V','0.0'),(3342,136,'P-009-2017-C-N','0.0'),(3343,136,'P-001-2017-C-V','0.0'),(3344,136,'P-008-2017-C-V','0.0'),(3345,136,'P-027-2017-C-N','0.0'),(3346,136,'P-013-2016-C-N','0.0'),(3347,136,'P-001-2014-C-V','0.0'),(3348,136,'P-007-2017-C-V','0.0'),(3349,136,'P-017-2017-C-V','0.0'),(3350,136,'P-018-2017-C-V','0.0'),(3351,136,'P-019-2017-C-N','0.0'),(3352,136,'P-023-2017-C-V','0.0'),(3353,136,'P-026-2017-C-V','0.0'),(3354,136,'P-029-2017-C-N','0.0'),(3355,136,'P-010-2017-S-N','0.0'),(3356,136,'P-011-2017-S-I','0.0'),(3357,136,'P-012-2017-S-I','0.0'),(3358,136,'P-013-2017-S-V','0.0'),(3359,136,'P-014-2017-S-I','0.0'),(3360,136,'P-015-2017-S-V','0.0'),(3361,136,'P-888-8888-8-8','0.0'),(3362,136,'P-999-9999-9-9','159.6'),(3363,137,'P-001-2009-C-V','0.0'),(3364,137,'P-002-2009-C-V','0.0'),(3365,137,'P-001-2012-C-V','0.0'),(3366,137,'P-001-2010-C-V','0.0'),(3367,137,'P-001-2015-C-V','0.0'),(3368,137,'P-002-2012-C-V','0.0'),(3369,137,'P-013-2016-C-V','0.0'),(3370,137,'P-010-2015-C-V','0.0'),(3371,137,'P-011-2015-C-V','0.0'),(3372,137,'P-007-2016-C-V','0.0'),(3373,137,'P-005-2016-C-V','0.0'),(3374,137,'P-008-2016-C-V','0.0'),(3375,137,'P-009-2016-C-V','0.0'),(3376,137,'P-023-2017-C-N','0.0'),(3377,137,'P-028-2017-C-N','0.0'),(3378,137,'P-025-2017-C-V','0.0'),(3379,137,'P-005-2015-C-V','0.0'),(3380,137,'P-012-2016-C-V','0.0'),(3381,137,'P-004-2016-C-V','0.0'),(3382,137,'P-021-2017-C-V','0.0'),(3383,137,'P-009-2017-C-N','0.0'),(3384,137,'P-001-2017-C-V','0.0'),(3385,137,'P-008-2017-C-V','0.0'),(3386,137,'P-027-2017-C-N','0.0'),(3387,137,'P-013-2016-C-N','0.0'),(3388,137,'P-001-2014-C-V','0.0'),(3389,137,'P-007-2017-C-V','0.0'),(3390,137,'P-017-2017-C-V','0.0'),(3391,137,'P-018-2017-C-V','0.0'),(3392,137,'P-019-2017-C-N','0.0'),(3393,137,'P-023-2017-C-V','0.0'),(3394,137,'P-026-2017-C-V','0.0'),(3395,137,'P-029-2017-C-N','0.0'),(3396,137,'P-010-2017-S-N','0.0'),(3397,137,'P-011-2017-S-I','0.0'),(3398,137,'P-012-2017-S-I','0.0'),(3399,137,'P-013-2017-S-V','0.0'),(3400,137,'P-014-2017-S-I','0.0'),(3401,137,'P-015-2017-S-V','0.0'),(3402,137,'P-888-8888-8-8','0.0'),(3403,137,'P-999-9999-9-9','168.0'),(3404,138,'P-001-2009-C-V','0.0'),(3405,138,'P-002-2009-C-V','0.0'),(3406,138,'P-001-2012-C-V','0.0'),(3407,138,'P-001-2010-C-V','0.0'),(3408,138,'P-001-2015-C-V','0.0'),(3409,138,'P-002-2012-C-V','0.0'),(3410,138,'P-013-2016-C-V','0.0'),(3411,138,'P-010-2015-C-V','0.0'),(3412,138,'P-011-2015-C-V','0.0'),(3413,138,'P-007-2016-C-V','0.0'),(3414,138,'P-005-2016-C-V','0.0'),(3415,138,'P-008-2016-C-V','0.0'),(3416,138,'P-009-2016-C-V','0.0'),(3417,138,'P-023-2017-C-N','0.0'),(3418,138,'P-028-2017-C-N','0.0'),(3419,138,'P-025-2017-C-V','0.0'),(3420,138,'P-005-2015-C-V','0.0'),(3421,138,'P-012-2016-C-V','0.0'),(3422,138,'P-004-2016-C-V','0.0'),(3423,138,'P-021-2017-C-V','0.0'),(3424,138,'P-009-2017-C-N','0.0'),(3425,138,'P-001-2017-C-V','0.0'),(3426,138,'P-008-2017-C-V','0.0'),(3427,138,'P-027-2017-C-N','0.0'),(3428,138,'P-013-2016-C-N','0.0'),(3429,138,'P-001-2014-C-V','0.0'),(3430,138,'P-007-2017-C-V','0.0'),(3431,138,'P-017-2017-C-V','0.0'),(3432,138,'P-018-2017-C-V','0.0'),(3433,138,'P-019-2017-C-N','0.0'),(3434,138,'P-023-2017-C-V','0.0'),(3435,138,'P-026-2017-C-V','0.0'),(3436,138,'P-029-2017-C-N','0.0'),(3437,138,'P-010-2017-S-N','0.0'),(3438,138,'P-011-2017-S-I','0.0'),(3439,138,'P-012-2017-S-I','0.0'),(3440,138,'P-013-2017-S-V','0.0'),(3441,138,'P-014-2017-S-I','0.0'),(3442,138,'P-015-2017-S-V','0.0'),(3443,138,'P-888-8888-8-8','0.0'),(3444,138,'P-999-9999-9-9','168.0'),(3445,139,'P-001-2009-C-V','0.0'),(3446,139,'P-002-2009-C-V','0.0'),(3447,139,'P-001-2012-C-V','0.0'),(3448,139,'P-001-2010-C-V','0.0'),(3449,139,'P-001-2015-C-V','0.0'),(3450,139,'P-002-2012-C-V','0.0'),(3451,139,'P-013-2016-C-V','0.0'),(3452,139,'P-010-2015-C-V','0.0'),(3453,139,'P-011-2015-C-V','0.0'),(3454,139,'P-007-2016-C-V','33.6'),(3455,139,'P-005-2016-C-V','0.0'),(3456,139,'P-008-2016-C-V','0.0'),(3457,139,'P-009-2016-C-V','0.0'),(3458,139,'P-023-2017-C-N','0.0'),(3459,139,'P-028-2017-C-N','0.0'),(3460,139,'P-025-2017-C-V','0.0'),(3461,139,'P-005-2015-C-V','0.0'),(3462,139,'P-012-2016-C-V','0.0'),(3463,139,'P-004-2016-C-V','0.0'),(3464,139,'P-021-2017-C-V','0.0'),(3465,139,'P-009-2017-C-N','0.0'),(3466,139,'P-001-2017-C-V','0.0'),(3467,139,'P-008-2017-C-V','0.0'),(3468,139,'P-027-2017-C-N','0.0'),(3469,139,'P-013-2016-C-N','0.0'),(3470,139,'P-001-2014-C-V','0.0'),(3471,139,'P-007-2017-C-V','0.0'),(3472,139,'P-017-2017-C-V','0.0'),(3473,139,'P-018-2017-C-V','0.0'),(3474,139,'P-019-2017-C-N','0.0'),(3475,139,'P-023-2017-C-V','0.0'),(3476,139,'P-026-2017-C-V','0.0'),(3477,139,'P-029-2017-C-N','0.0'),(3478,139,'P-010-2017-S-N','0.0'),(3479,139,'P-011-2017-S-I','0.0'),(3480,139,'P-012-2017-S-I','0.0'),(3481,139,'P-013-2017-S-V','0.0'),(3482,139,'P-014-2017-S-I','0.0'),(3483,139,'P-015-2017-S-V','0.0'),(3484,139,'P-888-8888-8-8','0.0'),(3485,139,'P-999-9999-9-9','134.4'),(3486,140,'P-001-2009-C-V','0.0'),(3487,140,'P-002-2009-C-V','0.0'),(3488,140,'P-001-2012-C-V','0.0'),(3489,140,'P-001-2010-C-V','0.0'),(3490,140,'P-001-2015-C-V','0.0'),(3491,140,'P-002-2012-C-V','0.0'),(3492,140,'P-013-2016-C-V','0.0'),(3493,140,'P-010-2015-C-V','0.0'),(3494,140,'P-011-2015-C-V','0.0'),(3495,140,'P-007-2016-C-V','0.0'),(3496,140,'P-005-2016-C-V','0.0'),(3497,140,'P-008-2016-C-V','0.0'),(3498,140,'P-009-2016-C-V','0.0'),(3499,140,'P-023-2017-C-N','0.0'),(3500,140,'P-028-2017-C-N','0.0'),(3501,140,'P-025-2017-C-V','0.0'),(3502,140,'P-005-2015-C-V','0.0'),(3503,140,'P-012-2016-C-V','0.0'),(3504,140,'P-004-2016-C-V','0.0'),(3505,140,'P-021-2017-C-V','0.0'),(3506,140,'P-009-2017-C-N','0.0'),(3507,140,'P-001-2017-C-V','0.0'),(3508,140,'P-008-2017-C-V','0.0'),(3509,140,'P-027-2017-C-N','0.0'),(3510,140,'P-013-2016-C-N','0.0'),(3511,140,'P-001-2014-C-V','0.0'),(3512,140,'P-007-2017-C-V','0.0'),(3513,140,'P-017-2017-C-V','0.0'),(3514,140,'P-018-2017-C-V','0.0'),(3515,140,'P-019-2017-C-N','0.0'),(3516,140,'P-023-2017-C-V','0.0'),(3517,140,'P-026-2017-C-V','0.0'),(3518,140,'P-029-2017-C-N','0.0'),(3519,140,'P-010-2017-S-N','0.0'),(3520,140,'P-011-2017-S-I','0.0'),(3521,140,'P-012-2017-S-I','0.0'),(3522,140,'P-013-2017-S-V','0.0'),(3523,140,'P-014-2017-S-I','0.0'),(3524,140,'P-015-2017-S-V','0.0'),(3525,140,'P-888-8888-8-8','0.0'),(3526,140,'P-999-9999-9-9','168.0'),(3527,141,'P-001-2009-C-V','0.0'),(3528,141,'P-002-2009-C-V','0.0'),(3529,141,'P-001-2012-C-V','0.0'),(3530,141,'P-001-2010-C-V','0.0'),(3531,141,'P-001-2015-C-V','0.0'),(3532,141,'P-002-2012-C-V','0.0'),(3533,141,'P-013-2016-C-V','0.0'),(3534,141,'P-010-2015-C-V','0.0'),(3535,141,'P-011-2015-C-V','0.0'),(3536,141,'P-007-2016-C-V','0.0'),(3537,141,'P-005-2016-C-V','0.0'),(3538,141,'P-008-2016-C-V','0.0'),(3539,141,'P-009-2016-C-V','0.0'),(3540,141,'P-023-2017-C-N','0.0'),(3541,141,'P-028-2017-C-N','0.0'),(3542,141,'P-025-2017-C-V','0.0'),(3543,141,'P-005-2015-C-V','0.0'),(3544,141,'P-012-2016-C-V','0.0'),(3545,141,'P-004-2016-C-V','0.0'),(3546,141,'P-021-2017-C-V','0.0'),(3547,141,'P-009-2017-C-N','0.0'),(3548,141,'P-001-2017-C-V','0.0'),(3549,141,'P-008-2017-C-V','0.0'),(3550,141,'P-027-2017-C-N','0.0'),(3551,141,'P-013-2016-C-N','0.0'),(3552,141,'P-001-2014-C-V','0.0'),(3553,141,'P-007-2017-C-V','0.0'),(3554,141,'P-017-2017-C-V','0.0'),(3555,141,'P-018-2017-C-V','0.0'),(3556,141,'P-019-2017-C-N','0.0'),(3557,141,'P-023-2017-C-V','0.0'),(3558,141,'P-026-2017-C-V','0.0'),(3559,141,'P-029-2017-C-N','0.0'),(3560,141,'P-010-2017-S-N','0.0'),(3561,141,'P-011-2017-S-I','0.0'),(3562,141,'P-012-2017-S-I','0.0'),(3563,141,'P-013-2017-S-V','0.0'),(3564,141,'P-014-2017-S-I','0.0'),(3565,141,'P-015-2017-S-V','0.0'),(3566,141,'P-888-8888-8-8','0.0'),(3567,141,'P-999-9999-9-9','168.0'),(3568,142,'P-001-2009-C-V','0.0'),(3569,142,'P-002-2009-C-V','0.0'),(3570,142,'P-001-2012-C-V','0.0'),(3571,142,'P-001-2010-C-V','0.0'),(3572,142,'P-001-2015-C-V','0.0'),(3573,142,'P-002-2012-C-V','0.0'),(3574,142,'P-013-2016-C-V','0.0'),(3575,142,'P-010-2015-C-V','0.0'),(3576,142,'P-011-2015-C-V','0.0'),(3577,142,'P-007-2016-C-V','0.0'),(3578,142,'P-005-2016-C-V','0.0'),(3579,142,'P-008-2016-C-V','0.0'),(3580,142,'P-009-2016-C-V','0.0'),(3581,142,'P-023-2017-C-N','0.0'),(3582,142,'P-028-2017-C-N','0.0'),(3583,142,'P-025-2017-C-V','0.0'),(3584,142,'P-005-2015-C-V','0.0'),(3585,142,'P-012-2016-C-V','0.0'),(3586,142,'P-004-2016-C-V','0.0'),(3587,142,'P-021-2017-C-V','0.0'),(3588,142,'P-009-2017-C-N','0.0'),(3589,142,'P-001-2017-C-V','0.0'),(3590,142,'P-008-2017-C-V','0.0'),(3591,142,'P-027-2017-C-N','0.0'),(3592,142,'P-013-2016-C-N','0.0'),(3593,142,'P-001-2014-C-V','0.0'),(3594,142,'P-007-2017-C-V','0.0'),(3595,142,'P-017-2017-C-V','0.0'),(3596,142,'P-018-2017-C-V','0.0'),(3597,142,'P-019-2017-C-N','0.0'),(3598,142,'P-023-2017-C-V','0.0'),(3599,142,'P-026-2017-C-V','0.0'),(3600,142,'P-029-2017-C-N','0.0'),(3601,142,'P-010-2017-S-N','0.0'),(3602,142,'P-011-2017-S-I','0.0'),(3603,142,'P-012-2017-S-I','0.0'),(3604,142,'P-013-2017-S-V','0.0'),(3605,142,'P-014-2017-S-I','0.0'),(3606,142,'P-015-2017-S-V','0.0'),(3607,142,'P-888-8888-8-8','0.0'),(3608,142,'P-999-9999-9-9','168.0'),(3609,143,'P-001-2009-C-V','0.0'),(3610,143,'P-002-2009-C-V','0.0'),(3611,143,'P-001-2012-C-V','0.0'),(3612,143,'P-001-2010-C-V','0.0'),(3613,143,'P-001-2015-C-V','0.0'),(3614,143,'P-002-2012-C-V','0.0'),(3615,143,'P-013-2016-C-V','0.0'),(3616,143,'P-010-2015-C-V','0.0'),(3617,143,'P-011-2015-C-V','0.0'),(3618,143,'P-007-2016-C-V','0.0'),(3619,143,'P-005-2016-C-V','0.0'),(3620,143,'P-008-2016-C-V','0.0'),(3621,143,'P-009-2016-C-V','0.0'),(3622,143,'P-023-2017-C-N','0.0'),(3623,143,'P-028-2017-C-N','0.0'),(3624,143,'P-025-2017-C-V','0.0'),(3625,143,'P-005-2015-C-V','0.0'),(3626,143,'P-012-2016-C-V','0.0'),(3627,143,'P-004-2016-C-V','0.0'),(3628,143,'P-021-2017-C-V','0.0'),(3629,143,'P-009-2017-C-N','0.0'),(3630,143,'P-001-2017-C-V','0.0'),(3631,143,'P-008-2017-C-V','0.0'),(3632,143,'P-027-2017-C-N','0.0'),(3633,143,'P-013-2016-C-N','0.0'),(3634,143,'P-001-2014-C-V','0.0'),(3635,143,'P-007-2017-C-V','0.0'),(3636,143,'P-017-2017-C-V','0.0'),(3637,143,'P-018-2017-C-V','0.0'),(3638,143,'P-019-2017-C-N','0.0'),(3639,143,'P-023-2017-C-V','0.0'),(3640,143,'P-026-2017-C-V','0.0'),(3641,143,'P-029-2017-C-N','0.0'),(3642,143,'P-010-2017-S-N','0.0'),(3643,143,'P-011-2017-S-I','0.0'),(3644,143,'P-012-2017-S-I','0.0'),(3645,143,'P-013-2017-S-V','0.0'),(3646,143,'P-014-2017-S-I','0.0'),(3647,143,'P-015-2017-S-V','0.0'),(3648,143,'P-888-8888-8-8','0.0'),(3649,143,'P-999-9999-9-9','168.0'),(3650,144,'P-001-2009-C-V','0.0'),(3651,144,'P-002-2009-C-V','0.0'),(3652,144,'P-001-2012-C-V','0.0'),(3653,144,'P-001-2010-C-V','0.0'),(3654,144,'P-001-2015-C-V','0.0'),(3655,144,'P-002-2012-C-V','0.0'),(3656,144,'P-013-2016-C-V','0.0'),(3657,144,'P-010-2015-C-V','0.0'),(3658,144,'P-011-2015-C-V','0.0'),(3659,144,'P-007-2016-C-V','0.0'),(3660,144,'P-005-2016-C-V','0.0'),(3661,144,'P-008-2016-C-V','0.0'),(3662,144,'P-009-2016-C-V','0.0'),(3663,144,'P-023-2017-C-N','0.0'),(3664,144,'P-028-2017-C-N','0.0'),(3665,144,'P-025-2017-C-V','0.0'),(3666,144,'P-005-2015-C-V','0.0'),(3667,144,'P-012-2016-C-V','0.0'),(3668,144,'P-004-2016-C-V','0.0'),(3669,144,'P-021-2017-C-V','0.0'),(3670,144,'P-009-2017-C-N','0.0'),(3671,144,'P-001-2017-C-V','0.0'),(3672,144,'P-008-2017-C-V','0.0'),(3673,144,'P-027-2017-C-N','0.0'),(3674,144,'P-013-2016-C-N','0.0'),(3675,144,'P-001-2014-C-V','0.0'),(3676,144,'P-007-2017-C-V','0.0'),(3677,144,'P-017-2017-C-V','0.0'),(3678,144,'P-018-2017-C-V','0.0'),(3679,144,'P-019-2017-C-N','0.0'),(3680,144,'P-023-2017-C-V','0.0'),(3681,144,'P-026-2017-C-V','0.0'),(3682,144,'P-029-2017-C-N','0.0'),(3683,144,'P-010-2017-S-N','0.0'),(3684,144,'P-011-2017-S-I','0.0'),(3685,144,'P-012-2017-S-I','0.0'),(3686,144,'P-013-2017-S-V','0.0'),(3687,144,'P-014-2017-S-I','0.0'),(3688,144,'P-015-2017-S-V','0.0'),(3689,144,'P-888-8888-8-8','0.0'),(3690,144,'P-999-9999-9-9','168.0'),(3691,145,'P-001-2009-C-V','0.0'),(3692,145,'P-002-2009-C-V','0.0'),(3693,145,'P-001-2012-C-V','0.0'),(3694,145,'P-001-2010-C-V','0.0'),(3695,145,'P-001-2015-C-V','0.0'),(3696,145,'P-002-2012-C-V','0.0'),(3697,145,'P-013-2016-C-V','0.0'),(3698,145,'P-010-2015-C-V','0.0'),(3699,145,'P-011-2015-C-V','0.0'),(3700,145,'P-007-2016-C-V','0.0'),(3701,145,'P-005-2016-C-V','0.0'),(3702,145,'P-008-2016-C-V','0.0'),(3703,145,'P-009-2016-C-V','0.0'),(3704,145,'P-023-2017-C-N','0.0'),(3705,145,'P-028-2017-C-N','0.0'),(3706,145,'P-025-2017-C-V','0.0'),(3707,145,'P-005-2015-C-V','0.0'),(3708,145,'P-012-2016-C-V','0.0'),(3709,145,'P-004-2016-C-V','0.0'),(3710,145,'P-021-2017-C-V','0.0'),(3711,145,'P-009-2017-C-N','0.0'),(3712,145,'P-001-2017-C-V','0.0'),(3713,145,'P-008-2017-C-V','0.0'),(3714,145,'P-027-2017-C-N','0.0'),(3715,145,'P-013-2016-C-N','0.0'),(3716,145,'P-001-2014-C-V','0.0'),(3717,145,'P-007-2017-C-V','0.0'),(3718,145,'P-017-2017-C-V','0.0'),(3719,145,'P-018-2017-C-V','0.0'),(3720,145,'P-019-2017-C-N','0.0'),(3721,145,'P-023-2017-C-V','0.0'),(3722,145,'P-026-2017-C-V','0.0'),(3723,145,'P-029-2017-C-N','0.0'),(3724,145,'P-010-2017-S-N','0.0'),(3725,145,'P-011-2017-S-I','0.0'),(3726,145,'P-012-2017-S-I','0.0'),(3727,145,'P-013-2017-S-V','0.0'),(3728,145,'P-014-2017-S-I','0.0'),(3729,145,'P-015-2017-S-V','0.0'),(3730,145,'P-888-8888-8-8','0.0'),(3731,145,'P-999-9999-9-9','168.0'),(3732,146,'P-001-2009-C-V','0.0'),(3733,146,'P-002-2009-C-V','0.0'),(3734,146,'P-001-2012-C-V','0.0'),(3735,146,'P-001-2010-C-V','0.0'),(3736,146,'P-001-2015-C-V','0.0'),(3737,146,'P-002-2012-C-V','0.0'),(3738,146,'P-013-2016-C-V','0.0'),(3739,146,'P-010-2015-C-V','0.0'),(3740,146,'P-011-2015-C-V','0.0'),(3741,146,'P-007-2016-C-V','0.0'),(3742,146,'P-005-2016-C-V','0.0'),(3743,146,'P-008-2016-C-V','0.0'),(3744,146,'P-009-2016-C-V','0.0'),(3745,146,'P-023-2017-C-N','0.0'),(3746,146,'P-028-2017-C-N','0.0'),(3747,146,'P-025-2017-C-V','0.0'),(3748,146,'P-005-2015-C-V','0.0'),(3749,146,'P-012-2016-C-V','0.0'),(3750,146,'P-004-2016-C-V','0.0'),(3751,146,'P-021-2017-C-V','0.0'),(3752,146,'P-009-2017-C-N','0.0'),(3753,146,'P-001-2017-C-V','0.0'),(3754,146,'P-008-2017-C-V','0.0'),(3755,146,'P-027-2017-C-N','0.0'),(3756,146,'P-013-2016-C-N','0.0'),(3757,146,'P-001-2014-C-V','0.0'),(3758,146,'P-007-2017-C-V','0.0'),(3759,146,'P-017-2017-C-V','0.0'),(3760,146,'P-018-2017-C-V','0.0'),(3761,146,'P-019-2017-C-N','0.0'),(3762,146,'P-023-2017-C-V','0.0'),(3763,146,'P-026-2017-C-V','0.0'),(3764,146,'P-029-2017-C-N','0.0'),(3765,146,'P-010-2017-S-N','0.0'),(3766,146,'P-011-2017-S-I','0.0'),(3767,146,'P-012-2017-S-I','0.0'),(3768,146,'P-013-2017-S-V','0.0'),(3769,146,'P-014-2017-S-I','0.0'),(3770,146,'P-015-2017-S-V','0.0'),(3771,146,'P-888-8888-8-8','0.0'),(3772,146,'P-999-9999-9-9','168.0'),(3773,147,'P-001-2009-C-V','0.0'),(3774,147,'P-002-2009-C-V','0.0'),(3775,147,'P-001-2012-C-V','0.0'),(3776,147,'P-001-2010-C-V','0.0'),(3777,147,'P-001-2015-C-V','0.0'),(3778,147,'P-002-2012-C-V','0.0'),(3779,147,'P-013-2016-C-V','0.0'),(3780,147,'P-010-2015-C-V','0.0'),(3781,147,'P-011-2015-C-V','0.0'),(3782,147,'P-007-2016-C-V','0.0'),(3783,147,'P-005-2016-C-V','0.0'),(3784,147,'P-008-2016-C-V','0.0'),(3785,147,'P-009-2016-C-V','0.0'),(3786,147,'P-023-2017-C-N','0.0'),(3787,147,'P-028-2017-C-N','0.0'),(3788,147,'P-025-2017-C-V','0.0'),(3789,147,'P-005-2015-C-V','0.0'),(3790,147,'P-012-2016-C-V','0.0'),(3791,147,'P-004-2016-C-V','0.0'),(3792,147,'P-021-2017-C-V','0.0'),(3793,147,'P-009-2017-C-N','0.0'),(3794,147,'P-001-2017-C-V','0.0'),(3795,147,'P-008-2017-C-V','0.0'),(3796,147,'P-027-2017-C-N','0.0'),(3797,147,'P-013-2016-C-N','0.0'),(3798,147,'P-001-2014-C-V','0.0'),(3799,147,'P-007-2017-C-V','0.0'),(3800,147,'P-017-2017-C-V','0.0'),(3801,147,'P-018-2017-C-V','0.0'),(3802,147,'P-019-2017-C-N','0.0'),(3803,147,'P-023-2017-C-V','0.0'),(3804,147,'P-026-2017-C-V','0.0'),(3805,147,'P-029-2017-C-N','0.0'),(3806,147,'P-010-2017-S-N','0.0'),(3807,147,'P-011-2017-S-I','0.0'),(3808,147,'P-012-2017-S-I','0.0'),(3809,147,'P-013-2017-S-V','0.0'),(3810,147,'P-014-2017-S-I','0.0'),(3811,147,'P-015-2017-S-V','0.0'),(3812,147,'P-888-8888-8-8','0.0'),(3813,147,'P-999-9999-9-9','168.0'),(3814,148,'P-001-2009-C-V','43.7'),(3815,148,'P-002-2009-C-V','1.7'),(3816,148,'P-001-2012-C-V','3.4'),(3817,148,'P-001-2010-C-V','3.4'),(3818,148,'P-001-2015-C-V','75.6'),(3819,148,'P-002-2012-C-V','1.7'),(3820,148,'P-013-2016-C-V','1.7'),(3821,148,'P-010-2015-C-V','3.4'),(3822,148,'P-011-2015-C-V','3.4'),(3823,148,'P-007-2016-C-V','0.0'),(3824,148,'P-005-2016-C-V','0.0'),(3825,148,'P-008-2016-C-V','0.0'),(3826,148,'P-009-2016-C-V','0.0'),(3827,148,'P-023-2017-C-N','0.0'),(3828,148,'P-028-2017-C-N','0.0'),(3829,148,'P-025-2017-C-V','0.0'),(3830,148,'P-005-2015-C-V','0.0'),(3831,148,'P-012-2016-C-V','0.0'),(3832,148,'P-004-2016-C-V','0.0'),(3833,148,'P-021-2017-C-V','0.0'),(3834,148,'P-009-2017-C-N','0.0'),(3835,148,'P-001-2017-C-V','0.0'),(3836,148,'P-008-2017-C-V','0.0'),(3837,148,'P-027-2017-C-N','1.7'),(3838,148,'P-013-2016-C-N','0.0'),(3839,148,'P-001-2014-C-V','0.0'),(3840,148,'P-007-2017-C-V','0.0'),(3841,148,'P-017-2017-C-V','0.0'),(3842,148,'P-018-2017-C-V','0.0'),(3843,148,'P-019-2017-C-N','0.0'),(3844,148,'P-023-2017-C-V','0.0'),(3845,148,'P-026-2017-C-V','0.0'),(3846,148,'P-029-2017-C-N','1.7'),(3847,148,'P-010-2017-S-N','0.0'),(3848,148,'P-011-2017-S-I','0.0'),(3849,148,'P-012-2017-S-I','0.0'),(3850,148,'P-013-2017-S-V','0.0'),(3851,148,'P-014-2017-S-I','0.0'),(3852,148,'P-015-2017-S-V','1.7'),(3853,148,'P-888-8888-8-8','0.0'),(3854,148,'P-999-9999-9-9','25.2'),(3855,149,'P-001-2009-C-V','0.0'),(3856,149,'P-002-2009-C-V','0.0'),(3857,149,'P-001-2012-C-V','0.0'),(3858,149,'P-001-2010-C-V','0.0'),(3859,149,'P-001-2015-C-V','0.0'),(3860,149,'P-002-2012-C-V','0.0'),(3861,149,'P-013-2016-C-V','0.0'),(3862,149,'P-010-2015-C-V','0.0'),(3863,149,'P-011-2015-C-V','0.0'),(3864,149,'P-007-2016-C-V','0.0'),(3865,149,'P-005-2016-C-V','0.0'),(3866,149,'P-008-2016-C-V','0.0'),(3867,149,'P-009-2016-C-V','0.0'),(3868,149,'P-023-2017-C-N','0.0'),(3869,149,'P-028-2017-C-N','0.0'),(3870,149,'P-025-2017-C-V','0.0'),(3871,149,'P-005-2015-C-V','0.0'),(3872,149,'P-012-2016-C-V','0.0'),(3873,149,'P-004-2016-C-V','0.0'),(3874,149,'P-021-2017-C-V','0.0'),(3875,149,'P-009-2017-C-N','0.0'),(3876,149,'P-001-2017-C-V','0.0'),(3877,149,'P-008-2017-C-V','0.0'),(3878,149,'P-027-2017-C-N','0.0'),(3879,149,'P-013-2016-C-N','0.0'),(3880,149,'P-001-2014-C-V','0.0'),(3881,149,'P-007-2017-C-V','0.0'),(3882,149,'P-017-2017-C-V','0.0'),(3883,149,'P-018-2017-C-V','0.0'),(3884,149,'P-019-2017-C-N','0.0'),(3885,149,'P-023-2017-C-V','0.0'),(3886,149,'P-026-2017-C-V','0.0'),(3887,149,'P-029-2017-C-N','0.0'),(3888,149,'P-010-2017-S-N','0.0'),(3889,149,'P-011-2017-S-I','0.0'),(3890,149,'P-012-2017-S-I','0.0'),(3891,149,'P-013-2017-S-V','0.0'),(3892,149,'P-014-2017-S-I','0.0'),(3893,149,'P-015-2017-S-V','0.0'),(3894,149,'P-888-8888-8-8','0.0'),(3895,149,'P-999-9999-9-9','168.0'),(3896,150,'P-001-2009-C-V','0.0'),(3897,150,'P-002-2009-C-V','11.8'),(3898,150,'P-001-2012-C-V','0.0'),(3899,150,'P-001-2010-C-V','0.0'),(3900,150,'P-001-2015-C-V','100.8'),(3901,150,'P-002-2012-C-V','5.9'),(3902,150,'P-013-2016-C-V','5.9'),(3903,150,'P-010-2015-C-V','0.0'),(3904,150,'P-011-2015-C-V','0.0'),(3905,150,'P-007-2016-C-V','0.0'),(3906,150,'P-005-2016-C-V','0.0'),(3907,150,'P-008-2016-C-V','0.0'),(3908,150,'P-009-2016-C-V','0.0'),(3909,150,'P-023-2017-C-N','0.0'),(3910,150,'P-028-2017-C-N','0.0'),(3911,150,'P-025-2017-C-V','0.0'),(3912,150,'P-005-2015-C-V','0.0'),(3913,150,'P-012-2016-C-V','0.0'),(3914,150,'P-004-2016-C-V','0.0'),(3915,150,'P-021-2017-C-V','1.7'),(3916,150,'P-009-2017-C-N','0.0'),(3917,150,'P-001-2017-C-V','0.0'),(3918,150,'P-008-2017-C-V','0.0'),(3919,150,'P-027-2017-C-N','0.0'),(3920,150,'P-013-2016-C-N','0.0'),(3921,150,'P-001-2014-C-V','0.0'),(3922,150,'P-007-2017-C-V','0.0'),(3923,150,'P-017-2017-C-V','0.0'),(3924,150,'P-018-2017-C-V','0.0'),(3925,150,'P-019-2017-C-N','0.0'),(3926,150,'P-023-2017-C-V','0.0'),(3927,150,'P-026-2017-C-V','0.0'),(3928,150,'P-029-2017-C-N','16.8'),(3929,150,'P-010-2017-S-N','0.0'),(3930,150,'P-011-2017-S-I','0.0'),(3931,150,'P-012-2017-S-I','0.0'),(3932,150,'P-013-2017-S-V','0.0'),(3933,150,'P-014-2017-S-I','0.0'),(3934,150,'P-015-2017-S-V','8.4'),(3935,150,'P-888-8888-8-8','0.0'),(3936,150,'P-999-9999-9-9','16.8'),(3937,151,'P-001-2009-C-V','8.4'),(3938,151,'P-002-2009-C-V','0.0'),(3939,151,'P-001-2012-C-V','0.0'),(3940,151,'P-001-2010-C-V','0.0'),(3941,151,'P-001-2015-C-V','0.0'),(3942,151,'P-002-2012-C-V','0.0'),(3943,151,'P-013-2016-C-V','8.4'),(3944,151,'P-010-2015-C-V','0.0'),(3945,151,'P-011-2015-C-V','100.8'),(3946,151,'P-007-2016-C-V','1.7'),(3947,151,'P-005-2016-C-V','6.7'),(3948,151,'P-008-2016-C-V','8.4'),(3949,151,'P-009-2016-C-V','0.0'),(3950,151,'P-023-2017-C-N','0.0'),(3951,151,'P-028-2017-C-N','0.0'),(3952,151,'P-025-2017-C-V','0.0'),(3953,151,'P-005-2015-C-V','0.0'),(3954,151,'P-012-2016-C-V','0.0'),(3955,151,'P-004-2016-C-V','0.0'),(3956,151,'P-021-2017-C-V','0.0'),(3957,151,'P-009-2017-C-N','0.0'),(3958,151,'P-001-2017-C-V','0.0'),(3959,151,'P-008-2017-C-V','0.0'),(3960,151,'P-027-2017-C-N','0.0'),(3961,151,'P-013-2016-C-N','0.0'),(3962,151,'P-001-2014-C-V','0.0'),(3963,151,'P-007-2017-C-V','0.0'),(3964,151,'P-017-2017-C-V','0.0'),(3965,151,'P-018-2017-C-V','0.0'),(3966,151,'P-019-2017-C-N','0.0'),(3967,151,'P-023-2017-C-V','0.0'),(3968,151,'P-026-2017-C-V','0.0'),(3969,151,'P-029-2017-C-N','0.0'),(3970,151,'P-010-2017-S-N','0.0'),(3971,151,'P-011-2017-S-I','0.0'),(3972,151,'P-012-2017-S-I','0.0'),(3973,151,'P-013-2017-S-V','0.0'),(3974,151,'P-014-2017-S-I','0.0'),(3975,151,'P-015-2017-S-V','0.0'),(3976,151,'P-888-8888-8-8','16.8'),(3977,151,'P-999-9999-9-9','16.8'),(3978,152,'P-001-2009-C-V','0.0'),(3979,152,'P-002-2009-C-V','0.0'),(3980,152,'P-001-2012-C-V','0.0'),(3981,152,'P-001-2010-C-V','0.0'),(3982,152,'P-001-2015-C-V','0.0'),(3983,152,'P-002-2012-C-V','0.0'),(3984,152,'P-013-2016-C-V','0.0'),(3985,152,'P-010-2015-C-V','0.0'),(3986,152,'P-011-2015-C-V','0.0'),(3987,152,'P-007-2016-C-V','0.0'),(3988,152,'P-005-2016-C-V','0.0'),(3989,152,'P-008-2016-C-V','0.0'),(3990,152,'P-009-2016-C-V','0.0'),(3991,152,'P-023-2017-C-N','0.0'),(3992,152,'P-028-2017-C-N','0.0'),(3993,152,'P-025-2017-C-V','0.0'),(3994,152,'P-005-2015-C-V','0.0'),(3995,152,'P-012-2016-C-V','0.0'),(3996,152,'P-004-2016-C-V','0.0'),(3997,152,'P-021-2017-C-V','0.0'),(3998,152,'P-009-2017-C-N','0.0'),(3999,152,'P-001-2017-C-V','0.0'),(4000,152,'P-008-2017-C-V','0.0'),(4001,152,'P-027-2017-C-N','0.0'),(4002,152,'P-013-2016-C-N','0.0'),(4003,152,'P-001-2014-C-V','0.0'),(4004,152,'P-007-2017-C-V','0.0'),(4005,152,'P-017-2017-C-V','0.0'),(4006,152,'P-018-2017-C-V','0.0'),(4007,152,'P-019-2017-C-N','0.0'),(4008,152,'P-023-2017-C-V','0.0'),(4009,152,'P-026-2017-C-V','0.0'),(4010,152,'P-029-2017-C-N','0.0'),(4011,152,'P-010-2017-S-N','0.0'),(4012,152,'P-011-2017-S-I','0.0'),(4013,152,'P-012-2017-S-I','0.0'),(4014,152,'P-013-2017-S-V','0.0'),(4015,152,'P-014-2017-S-I','0.0'),(4016,152,'P-015-2017-S-V','0.0'),(4017,152,'P-888-8888-8-8','0.0'),(4018,152,'P-999-9999-9-9','168.0'),(4019,153,'P-001-2009-C-V','0.0'),(4020,153,'P-002-2009-C-V','0.0'),(4021,153,'P-001-2012-C-V','0.0'),(4022,153,'P-001-2010-C-V','0.0'),(4023,153,'P-001-2015-C-V','0.0'),(4024,153,'P-002-2012-C-V','0.0'),(4025,153,'P-013-2016-C-V','0.0'),(4026,153,'P-010-2015-C-V','0.0'),(4027,153,'P-011-2015-C-V','0.0'),(4028,153,'P-007-2016-C-V','0.0'),(4029,153,'P-005-2016-C-V','0.0'),(4030,153,'P-008-2016-C-V','0.0'),(4031,153,'P-009-2016-C-V','0.0'),(4032,153,'P-023-2017-C-N','0.0'),(4033,153,'P-028-2017-C-N','0.0'),(4034,153,'P-025-2017-C-V','0.0'),(4035,153,'P-005-2015-C-V','0.0'),(4036,153,'P-012-2016-C-V','0.0'),(4037,153,'P-004-2016-C-V','0.0'),(4038,153,'P-021-2017-C-V','0.0'),(4039,153,'P-009-2017-C-N','0.0'),(4040,153,'P-001-2017-C-V','0.0'),(4041,153,'P-008-2017-C-V','0.0'),(4042,153,'P-027-2017-C-N','0.0'),(4043,153,'P-013-2016-C-N','0.0'),(4044,153,'P-001-2014-C-V','0.0'),(4045,153,'P-007-2017-C-V','0.0'),(4046,153,'P-017-2017-C-V','0.0'),(4047,153,'P-018-2017-C-V','0.0'),(4048,153,'P-019-2017-C-N','0.0'),(4049,153,'P-023-2017-C-V','0.0'),(4050,153,'P-026-2017-C-V','0.0'),(4051,153,'P-029-2017-C-N','0.0'),(4052,153,'P-010-2017-S-N','0.0'),(4053,153,'P-011-2017-S-I','0.0'),(4054,153,'P-012-2017-S-I','0.0'),(4055,153,'P-013-2017-S-V','0.0'),(4056,153,'P-014-2017-S-I','0.0'),(4057,153,'P-015-2017-S-V','0.0'),(4058,153,'P-888-8888-8-8','0.0'),(4059,153,'P-999-9999-9-9','168.0'),(4060,154,'P-001-2009-C-V','0.0'),(4061,154,'P-002-2009-C-V','0.0'),(4062,154,'P-001-2012-C-V','0.0'),(4063,154,'P-001-2010-C-V','0.0'),(4064,154,'P-001-2015-C-V','0.0'),(4065,154,'P-002-2012-C-V','0.0'),(4066,154,'P-013-2016-C-V','0.0'),(4067,154,'P-010-2015-C-V','0.0'),(4068,154,'P-011-2015-C-V','0.0'),(4069,154,'P-007-2016-C-V','0.0'),(4070,154,'P-005-2016-C-V','0.0'),(4071,154,'P-008-2016-C-V','0.0'),(4072,154,'P-009-2016-C-V','0.0'),(4073,154,'P-023-2017-C-N','0.0'),(4074,154,'P-028-2017-C-N','0.0'),(4075,154,'P-025-2017-C-V','0.0'),(4076,154,'P-005-2015-C-V','0.0'),(4077,154,'P-012-2016-C-V','0.0'),(4078,154,'P-004-2016-C-V','0.0'),(4079,154,'P-021-2017-C-V','0.0'),(4080,154,'P-009-2017-C-N','0.0'),(4081,154,'P-001-2017-C-V','0.0'),(4082,154,'P-008-2017-C-V','0.0'),(4083,154,'P-027-2017-C-N','0.0'),(4084,154,'P-013-2016-C-N','0.0'),(4085,154,'P-001-2014-C-V','0.0'),(4086,154,'P-007-2017-C-V','0.0'),(4087,154,'P-017-2017-C-V','0.0'),(4088,154,'P-018-2017-C-V','0.0'),(4089,154,'P-019-2017-C-N','0.0'),(4090,154,'P-023-2017-C-V','0.0'),(4091,154,'P-026-2017-C-V','0.0'),(4092,154,'P-029-2017-C-N','0.0'),(4093,154,'P-010-2017-S-N','0.0'),(4094,154,'P-011-2017-S-I','0.0'),(4095,154,'P-012-2017-S-I','0.0'),(4096,154,'P-013-2017-S-V','0.0'),(4097,154,'P-014-2017-S-I','0.0'),(4098,154,'P-015-2017-S-V','0.0'),(4099,154,'P-888-8888-8-8','0.0'),(4100,154,'P-999-9999-9-9','168.0'),(4101,155,'P-001-2009-C-V','0.0'),(4102,155,'P-002-2009-C-V','0.0'),(4103,155,'P-001-2012-C-V','0.0'),(4104,155,'P-001-2010-C-V','0.0'),(4105,155,'P-001-2015-C-V','0.0'),(4106,155,'P-002-2012-C-V','0.0'),(4107,155,'P-013-2016-C-V','0.0'),(4108,155,'P-010-2015-C-V','0.0'),(4109,155,'P-011-2015-C-V','0.0'),(4110,155,'P-007-2016-C-V','0.0'),(4111,155,'P-005-2016-C-V','0.0'),(4112,155,'P-008-2016-C-V','0.0'),(4113,155,'P-009-2016-C-V','0.0'),(4114,155,'P-023-2017-C-N','0.0'),(4115,155,'P-028-2017-C-N','0.0'),(4116,155,'P-025-2017-C-V','0.0'),(4117,155,'P-005-2015-C-V','0.0'),(4118,155,'P-012-2016-C-V','0.0'),(4119,155,'P-004-2016-C-V','0.0'),(4120,155,'P-021-2017-C-V','0.0'),(4121,155,'P-009-2017-C-N','0.0'),(4122,155,'P-001-2017-C-V','0.0'),(4123,155,'P-008-2017-C-V','0.0'),(4124,155,'P-027-2017-C-N','0.0'),(4125,155,'P-013-2016-C-N','0.0'),(4126,155,'P-001-2014-C-V','0.0'),(4127,155,'P-007-2017-C-V','0.0'),(4128,155,'P-017-2017-C-V','0.0'),(4129,155,'P-018-2017-C-V','0.0'),(4130,155,'P-019-2017-C-N','0.0'),(4131,155,'P-023-2017-C-V','0.0'),(4132,155,'P-026-2017-C-V','0.0'),(4133,155,'P-029-2017-C-N','0.0'),(4134,155,'P-010-2017-S-N','0.0'),(4135,155,'P-011-2017-S-I','0.0'),(4136,155,'P-012-2017-S-I','0.0'),(4137,155,'P-013-2017-S-V','0.0'),(4138,155,'P-014-2017-S-I','0.0'),(4139,155,'P-015-2017-S-V','0.0'),(4140,155,'P-888-8888-8-8','0.0'),(4141,155,'P-999-9999-9-9','168.0'),(4142,156,'P-001-2009-C-V','0.0'),(4143,156,'P-002-2009-C-V','0.0'),(4144,156,'P-001-2012-C-V','0.0'),(4145,156,'P-001-2010-C-V','0.0'),(4146,156,'P-001-2015-C-V','137.8'),(4147,156,'P-002-2012-C-V','0.0'),(4148,156,'P-013-2016-C-V','0.0'),(4149,156,'P-010-2015-C-V','0.0'),(4150,156,'P-011-2015-C-V','0.0'),(4151,156,'P-007-2016-C-V','0.0'),(4152,156,'P-005-2016-C-V','0.0'),(4153,156,'P-008-2016-C-V','0.0'),(4154,156,'P-009-2016-C-V','0.0'),(4155,156,'P-023-2017-C-N','0.0'),(4156,156,'P-028-2017-C-N','0.0'),(4157,156,'P-025-2017-C-V','0.0'),(4158,156,'P-005-2015-C-V','0.0'),(4159,156,'P-012-2016-C-V','0.0'),(4160,156,'P-004-2016-C-V','0.0'),(4161,156,'P-021-2017-C-V','8.4'),(4162,156,'P-009-2017-C-N','0.0'),(4163,156,'P-001-2017-C-V','0.0'),(4164,156,'P-008-2017-C-V','0.0'),(4165,156,'P-027-2017-C-N','0.0'),(4166,156,'P-013-2016-C-N','0.0'),(4167,156,'P-001-2014-C-V','0.0'),(4168,156,'P-007-2017-C-V','0.0'),(4169,156,'P-017-2017-C-V','0.0'),(4170,156,'P-018-2017-C-V','0.0'),(4171,156,'P-019-2017-C-N','0.0'),(4172,156,'P-023-2017-C-V','0.0'),(4173,156,'P-026-2017-C-V','0.0'),(4174,156,'P-029-2017-C-N','16.8'),(4175,156,'P-010-2017-S-N','0.0'),(4176,156,'P-011-2017-S-I','0.0'),(4177,156,'P-012-2017-S-I','0.0'),(4178,156,'P-013-2017-S-V','0.0'),(4179,156,'P-014-2017-S-I','0.0'),(4180,156,'P-015-2017-S-V','5.0'),(4181,156,'P-888-8888-8-8','0.0'),(4182,156,'P-999-9999-9-9','0.0'),(4183,157,'P-001-2009-C-V','0.0'),(4184,157,'P-002-2009-C-V','0.0'),(4185,157,'P-001-2012-C-V','0.0'),(4186,157,'P-001-2010-C-V','0.0'),(4187,157,'P-001-2015-C-V','168.0'),(4188,157,'P-002-2012-C-V','0.0'),(4189,157,'P-013-2016-C-V','0.0'),(4190,157,'P-010-2015-C-V','0.0'),(4191,157,'P-011-2015-C-V','0.0'),(4192,157,'P-007-2016-C-V','0.0'),(4193,157,'P-005-2016-C-V','0.0'),(4194,157,'P-008-2016-C-V','0.0'),(4195,157,'P-009-2016-C-V','0.0'),(4196,157,'P-023-2017-C-N','0.0'),(4197,157,'P-028-2017-C-N','0.0'),(4198,157,'P-025-2017-C-V','0.0'),(4199,157,'P-005-2015-C-V','0.0'),(4200,157,'P-012-2016-C-V','0.0'),(4201,157,'P-004-2016-C-V','0.0'),(4202,157,'P-021-2017-C-V','0.0'),(4203,157,'P-009-2017-C-N','0.0'),(4204,157,'P-001-2017-C-V','0.0'),(4205,157,'P-008-2017-C-V','0.0'),(4206,157,'P-027-2017-C-N','0.0'),(4207,157,'P-013-2016-C-N','0.0'),(4208,157,'P-001-2014-C-V','0.0'),(4209,157,'P-007-2017-C-V','0.0'),(4210,157,'P-017-2017-C-V','0.0'),(4211,157,'P-018-2017-C-V','0.0'),(4212,157,'P-019-2017-C-N','0.0'),(4213,157,'P-023-2017-C-V','0.0'),(4214,157,'P-026-2017-C-V','0.0'),(4215,157,'P-029-2017-C-N','0.0'),(4216,157,'P-010-2017-S-N','0.0'),(4217,157,'P-011-2017-S-I','0.0'),(4218,157,'P-012-2017-S-I','0.0'),(4219,157,'P-013-2017-S-V','0.0'),(4220,157,'P-014-2017-S-I','0.0'),(4221,157,'P-015-2017-S-V','0.0'),(4222,157,'P-888-8888-8-8','0.0'),(4223,157,'P-999-9999-9-9','0.0'),(4224,158,'P-001-2009-C-V','0.0'),(4225,158,'P-002-2009-C-V','0.0'),(4226,158,'P-001-2012-C-V','0.0'),(4227,158,'P-001-2010-C-V','0.0'),(4228,158,'P-001-2015-C-V','134.4'),(4229,158,'P-002-2012-C-V','8.4'),(4230,158,'P-013-2016-C-V','8.4'),(4231,158,'P-010-2015-C-V','0.0'),(4232,158,'P-011-2015-C-V','8.4'),(4233,158,'P-007-2016-C-V','0.0'),(4234,158,'P-005-2016-C-V','0.0'),(4235,158,'P-008-2016-C-V','0.0'),(4236,158,'P-009-2016-C-V','0.0'),(4237,158,'P-023-2017-C-N','0.0'),(4238,158,'P-028-2017-C-N','0.0'),(4239,158,'P-025-2017-C-V','0.0'),(4240,158,'P-005-2015-C-V','0.0'),(4241,158,'P-012-2016-C-V','0.0'),(4242,158,'P-004-2016-C-V','0.0'),(4243,158,'P-021-2017-C-V','0.0'),(4244,158,'P-009-2017-C-N','0.0'),(4245,158,'P-001-2017-C-V','0.0'),(4246,158,'P-008-2017-C-V','0.0'),(4247,158,'P-027-2017-C-N','0.0'),(4248,158,'P-013-2016-C-N','0.0'),(4249,158,'P-001-2014-C-V','0.0'),(4250,158,'P-007-2017-C-V','0.0'),(4251,158,'P-017-2017-C-V','0.0'),(4252,158,'P-018-2017-C-V','0.0'),(4253,158,'P-019-2017-C-N','0.0'),(4254,158,'P-023-2017-C-V','0.0'),(4255,158,'P-026-2017-C-V','0.0'),(4256,158,'P-029-2017-C-N','0.0'),(4257,158,'P-010-2017-S-N','0.0'),(4258,158,'P-011-2017-S-I','0.0'),(4259,158,'P-012-2017-S-I','0.0'),(4260,158,'P-013-2017-S-V','0.0'),(4261,158,'P-014-2017-S-I','0.0'),(4262,158,'P-015-2017-S-V','8.4'),(4263,158,'P-888-8888-8-8','0.0'),(4264,158,'P-999-9999-9-9','0.0'),(4265,159,'P-001-2009-C-V','0.0'),(4266,159,'P-002-2009-C-V','0.0'),(4267,159,'P-001-2012-C-V','16.8'),(4268,159,'P-001-2010-C-V','0.0'),(4269,159,'P-001-2015-C-V','84.0'),(4270,159,'P-002-2012-C-V','16.8'),(4271,159,'P-013-2016-C-V','16.8'),(4272,159,'P-010-2015-C-V','8.4'),(4273,159,'P-011-2015-C-V','25.2'),(4274,159,'P-007-2016-C-V','0.0'),(4275,159,'P-005-2016-C-V','0.0'),(4276,159,'P-008-2016-C-V','0.0'),(4277,159,'P-009-2016-C-V','0.0'),(4278,159,'P-023-2017-C-N','0.0'),(4279,159,'P-028-2017-C-N','0.0'),(4280,159,'P-025-2017-C-V','0.0'),(4281,159,'P-005-2015-C-V','0.0'),(4282,159,'P-012-2016-C-V','0.0'),(4283,159,'P-004-2016-C-V','0.0'),(4284,159,'P-021-2017-C-V','0.0'),(4285,159,'P-009-2017-C-N','0.0'),(4286,159,'P-001-2017-C-V','0.0'),(4287,159,'P-008-2017-C-V','0.0'),(4288,159,'P-027-2017-C-N','0.0'),(4289,159,'P-013-2016-C-N','0.0'),(4290,159,'P-001-2014-C-V','0.0'),(4291,159,'P-007-2017-C-V','0.0'),(4292,159,'P-017-2017-C-V','0.0'),(4293,159,'P-018-2017-C-V','0.0'),(4294,159,'P-019-2017-C-N','0.0'),(4295,159,'P-023-2017-C-V','0.0'),(4296,159,'P-026-2017-C-V','0.0'),(4297,159,'P-029-2017-C-N','0.0'),(4298,159,'P-010-2017-S-N','0.0'),(4299,159,'P-011-2017-S-I','0.0'),(4300,159,'P-012-2017-S-I','0.0'),(4301,159,'P-013-2017-S-V','0.0'),(4302,159,'P-014-2017-S-I','0.0'),(4303,159,'P-015-2017-S-V','0.0'),(4304,159,'P-888-8888-8-8','0.0'),(4305,159,'P-999-9999-9-9','0.0'),(4306,160,'P-001-2009-C-V','0.0'),(4307,160,'P-002-2009-C-V','0.0'),(4308,160,'P-001-2012-C-V','0.0'),(4309,160,'P-001-2010-C-V','0.0'),(4310,160,'P-001-2015-C-V','159.6'),(4311,160,'P-002-2012-C-V','0.0'),(4312,160,'P-013-2016-C-V','0.0'),(4313,160,'P-010-2015-C-V','0.0'),(4314,160,'P-011-2015-C-V','0.0'),(4315,160,'P-007-2016-C-V','0.0'),(4316,160,'P-005-2016-C-V','0.0'),(4317,160,'P-008-2016-C-V','0.0'),(4318,160,'P-009-2016-C-V','0.0'),(4319,160,'P-023-2017-C-N','0.0'),(4320,160,'P-028-2017-C-N','0.0'),(4321,160,'P-025-2017-C-V','0.0'),(4322,160,'P-005-2015-C-V','0.0'),(4323,160,'P-012-2016-C-V','0.0'),(4324,160,'P-004-2016-C-V','0.0'),(4325,160,'P-021-2017-C-V','0.0'),(4326,160,'P-009-2017-C-N','0.0'),(4327,160,'P-001-2017-C-V','0.0'),(4328,160,'P-008-2017-C-V','0.0'),(4329,160,'P-027-2017-C-N','0.0'),(4330,160,'P-013-2016-C-N','0.0'),(4331,160,'P-001-2014-C-V','0.0'),(4332,160,'P-007-2017-C-V','0.0'),(4333,160,'P-017-2017-C-V','0.0'),(4334,160,'P-018-2017-C-V','0.0'),(4335,160,'P-019-2017-C-N','0.0'),(4336,160,'P-023-2017-C-V','0.0'),(4337,160,'P-026-2017-C-V','0.0'),(4338,160,'P-029-2017-C-N','0.0'),(4339,160,'P-010-2017-S-N','0.0'),(4340,160,'P-011-2017-S-I','0.0'),(4341,160,'P-012-2017-S-I','0.0'),(4342,160,'P-013-2017-S-V','0.0'),(4343,160,'P-014-2017-S-I','0.0'),(4344,160,'P-015-2017-S-V','8.4'),(4345,160,'P-888-8888-8-8','0.0'),(4346,160,'P-999-9999-9-9','0.0'),(4347,161,'P-001-2009-C-V','0.0'),(4348,161,'P-002-2009-C-V','0.0'),(4349,161,'P-001-2012-C-V','0.0'),(4350,161,'P-001-2010-C-V','0.0'),(4351,161,'P-001-2015-C-V','159.6'),(4352,161,'P-002-2012-C-V','0.0'),(4353,161,'P-013-2016-C-V','0.0'),(4354,161,'P-010-2015-C-V','0.0'),(4355,161,'P-011-2015-C-V','0.0'),(4356,161,'P-007-2016-C-V','0.0'),(4357,161,'P-005-2016-C-V','0.0'),(4358,161,'P-008-2016-C-V','0.0'),(4359,161,'P-009-2016-C-V','0.0'),(4360,161,'P-023-2017-C-N','0.0'),(4361,161,'P-028-2017-C-N','0.0'),(4362,161,'P-025-2017-C-V','0.0'),(4363,161,'P-005-2015-C-V','0.0'),(4364,161,'P-012-2016-C-V','0.0'),(4365,161,'P-004-2016-C-V','0.0'),(4366,161,'P-021-2017-C-V','0.0'),(4367,161,'P-009-2017-C-N','0.0'),(4368,161,'P-001-2017-C-V','0.0'),(4369,161,'P-008-2017-C-V','0.0'),(4370,161,'P-027-2017-C-N','0.0'),(4371,161,'P-013-2016-C-N','0.0'),(4372,161,'P-001-2014-C-V','0.0'),(4373,161,'P-007-2017-C-V','0.0'),(4374,161,'P-017-2017-C-V','0.0'),(4375,161,'P-018-2017-C-V','0.0'),(4376,161,'P-019-2017-C-N','0.0'),(4377,161,'P-023-2017-C-V','0.0'),(4378,161,'P-026-2017-C-V','0.0'),(4379,161,'P-029-2017-C-N','0.0'),(4380,161,'P-010-2017-S-N','0.0'),(4381,161,'P-011-2017-S-I','0.0'),(4382,161,'P-012-2017-S-I','0.0'),(4383,161,'P-013-2017-S-V','0.0'),(4384,161,'P-014-2017-S-I','0.0'),(4385,161,'P-015-2017-S-V','8.4'),(4386,161,'P-888-8888-8-8','0.0'),(4387,161,'P-999-9999-9-9','0.0'),(4388,162,'P-001-2009-C-V','0.0'),(4389,162,'P-002-2009-C-V','0.0'),(4390,162,'P-001-2012-C-V','0.0'),(4391,162,'P-001-2010-C-V','0.0'),(4392,162,'P-001-2015-C-V','159.6'),(4393,162,'P-002-2012-C-V','0.0'),(4394,162,'P-013-2016-C-V','0.0'),(4395,162,'P-010-2015-C-V','0.0'),(4396,162,'P-011-2015-C-V','0.0'),(4397,162,'P-007-2016-C-V','0.0'),(4398,162,'P-005-2016-C-V','0.0'),(4399,162,'P-008-2016-C-V','0.0'),(4400,162,'P-009-2016-C-V','0.0'),(4401,162,'P-023-2017-C-N','0.0'),(4402,162,'P-028-2017-C-N','0.0'),(4403,162,'P-025-2017-C-V','0.0'),(4404,162,'P-005-2015-C-V','0.0'),(4405,162,'P-012-2016-C-V','0.0'),(4406,162,'P-004-2016-C-V','0.0'),(4407,162,'P-021-2017-C-V','0.0'),(4408,162,'P-009-2017-C-N','0.0'),(4409,162,'P-001-2017-C-V','0.0'),(4410,162,'P-008-2017-C-V','0.0'),(4411,162,'P-027-2017-C-N','0.0'),(4412,162,'P-013-2016-C-N','0.0'),(4413,162,'P-001-2014-C-V','0.0'),(4414,162,'P-007-2017-C-V','0.0'),(4415,162,'P-017-2017-C-V','0.0'),(4416,162,'P-018-2017-C-V','0.0'),(4417,162,'P-019-2017-C-N','0.0'),(4418,162,'P-023-2017-C-V','0.0'),(4419,162,'P-026-2017-C-V','0.0'),(4420,162,'P-029-2017-C-N','0.0'),(4421,162,'P-010-2017-S-N','0.0'),(4422,162,'P-011-2017-S-I','0.0'),(4423,162,'P-012-2017-S-I','0.0'),(4424,162,'P-013-2017-S-V','0.0'),(4425,162,'P-014-2017-S-I','0.0'),(4426,162,'P-015-2017-S-V','8.4'),(4427,162,'P-888-8888-8-8','0.0'),(4428,162,'P-999-9999-9-9','0.0');

/*!40101 SET SQL_MODE=@OLD_SQL_MODE */;
/*!40014 SET FOREIGN_KEY_CHECKS=@OLD_FOREIGN_KEY_CHECKS */;
/*!40014 SET UNIQUE_CHECKS=@OLD_UNIQUE_CHECKS */;
/*!40111 SET SQL_NOTES=@OLD_SQL_NOTES */;
